:020000040800F2
:10000000FF4F0020250B00086D0B00086D0B00084A
:100010006D0B00086D0B00086D0B00080000000060
:10002000000000000000000000000000011F0008A8
:100030006D0B000800000000112000085920000886
:100040006D0B00086D0B00086D0B00086D0B0008B0
:100050006D0B00086D0B00086D0B00086D0B0008A0
:100060006D0B00086D0B00086D0B00086D0B000890
:100070006D0B00086D0B00086D0B00086D0B000880
:100080006D0B00086D0B00086D0B00086D0B000870
:100090006D0B00086D0B00086D0B00086D0B000860
:1000A0006D0B00086D0B00086D0B00086D0B000850
:1000B0006D0B00086D0B00086D0B00086D0B000840
:1000C0006D0B00086D0B00086D0B00086D0B000830
:1000D0006D0B00086D0B00086D0B00086D0B000820
:1000E0006D0B00086D0B00086D0B00080000000090
:1000F0000000000000000000000000000000000000
:0C01000000000000000000005FF808F1A3
:10011000844641EA000313F0030349D1403A23D354
:100120000B6803604B6843608B688360CB68C36077
:100130000B6903614B6943618B698361CB69C3615F
:100140000B6A03624B6A43628B6A8362CB6AC36247
:100150000B6B03634B6B43638B6B8363CB6BC3632F
:1001600040304031403ADBD230320BD30B68036071
:100170004B6843608B688360CB68C360103010317C
:10018000103AF3D20C3205D351F8043B40F8043B4B
:10019000043AF9D2043208D0D2071CBF11F8013B4F
:1001A00000F8013B01D30B8803806046704700BF15
:1001B000082A13D38B07B1D010F00303AED0C3F1DC
:1001C0000403D21ADB071CBF11F8013B00F8013B06
:1001D000A4D331F8023B20F8023B9FE7043AD9D37D
:1001E000013A11F8013B00F8013BF9D20B7803709A
:1001F0004B7843708B7883706046704781F0004184
:1002000002E000BF83F0004330B54FEA41044FEAFB
:10021000430594EA050F08BF90EA020F1FBF54EA96
:10022000000C55EA020C7FEA645C7FEA655C00F032
:10023000E2804FEA5454D4EB5555B8BF6D420CDD03
:100240002C4480EA020281EA030382EA000083EA86
:10025000010180EA020281EA0303362D88BF30BD26
:1002600011F0004F4FEA01314FF4801C4CEA11317C
:1002700002D0404261EB410113F0004F4FEA0333DB
:100280004CEA133302D0524263EB430394EA050F66
:1002900000F0A780A4F10104D5F1200E0DDB02FAD5
:1002A0000EFC22FA05F2801841F1000103FA0EF269
:1002B000801843FA05F359410EE0A5F120050EF12F
:1002C000200E012A03FA0EFC28BF4CF0020C43FA60
:1002D00005F3C01851EBE37101F0004507D54FF06D
:1002E000000EDCF1000C7EEB00006EEB0101B1F5BD
:1002F000801F1BD3B1F5001F0CD349085FEA300003
:100300004FEA3C0C04F101044FEA445212F5800F0D
:1003100080F09A80BCF1004F08BF5FEA500C50F1AA
:10032000000041EB045141EA050130BD5FEA4C0C8D
:10033000404141EB0101013C28BFB1F5801FE9D2EA
:1003400091F0000F04BF01460020B1FA81F308BF0D
:100350002033A3F10B03B3F120020CDA0C3208DDD9
:1003600002F1140CC2F10C0201FA0CF021FA02F1B4
:100370000CE002F11402D8BFC2F1200C01FA02F124
:1003800020FA0CFCDCBF41EA0C019040E41AA2BF49
:1003900001EB0451294330BD6FEA04041F3C1CDA11
:1003A0000C340EDC04F11404C4F1200220FA04F031
:1003B00001FA02F340EA030021FA04F345EA0301DB
:1003C00030BDC4F10C04C4F1200220FA02F001FA9D
:1003D00004F340EA0300294630BD21FA04F029461F
:1003E00030BD94F0000F83F4801306BF81F48011B8
:1003F0000134013D4EE77FEA645C18BF7FEA655C2B
:1004000029D094EA050F08BF90EA020F05D054EAFC
:10041000000C04BF1946104630BD91EA030F1EBF01
:100420000021002030BD5FEA545C05D14000494105
:1004300028BF41F0004130BD14F580043CBF01F5F8
:10044000801130BD01F0004545F0FE4141F47001DE
:100450004FF0000030BD7FEA645C1ABF19461046B9
:100460007FEA655C1CBF0B46024650EA013406BFBA
:1004700052EA033591EA030F41F4002130BD00BF79
:1004800090F0000F04BF0021704730B54FF4806436
:1004900004F132044FF000054FF0000150E700BFB7
:1004A00090F0000F04BF0021704730B54FF4806416
:1004B00004F1320410F0004548BF40424FF0000103
:1004C0003EE700BF42004FEAE2014FEA31014FEA46
:1004D00002701FBF12F07F4393F07F4F81F0605195
:1004E000704732F07F4208BF704793F07F4F04BFE0
:1004F00041F40021704730B54FF4607401F00045BD
:1005000021F000411CE700BF50EA010208BF70471C
:1005100030B54FF000050AE050EA010208BF70470D
:1005200030B511F0004502D5404261EB41014FF476
:10053000806404F132045FEA915C3FF4D8AE4FF07E
:1005400003025FEADC0C18BF03325FEADC0C18BF61
:10055000033202EBDC02C2F1200300FA03FC20FAB2
:1005600002F001FA03FE40EA0E0021FA02F11444FF
:10057000BDE600BF70B54FF0FF0C4CF4E06C1CEA18
:1005800011541DBF1CEA135594EA0C0F95EA0C0F89
:1005900000F0DEF82C4481EA030621EA4C5123EAFC
:1005A0004C5350EA013518BF52EA033541F480112B
:1005B00043F4801338D0A0FB02CE4FF00005E1FBDE
:1005C00002E506F00042E0FB03E54FF00006E1FB28
:1005D00003569CF0000F18BF4EF0010EA4F1FF046B
:1005E000B6F5007F64F5407404D25FEA4E0E6D41AB
:1005F00046EB060642EAC62141EA55514FEAC520BC
:1006000040EA5E504FEACE2EB4F1FD0C88BFBCF537
:10061000E06F1ED8BEF1004F08BF5FEA500E50F1E8
:10062000000041EB045170BD06F0004646EA0101AE
:1006300040EA020081EA0301B4EB5C04C2BFD4EBE0
:100640000C0541EA045170BD41F480114FF0000ED9
:10065000013C00F3AB8014F1360FDEBF002001F047
:10066000004170BDC4F10004203C35DA0C341BDCC1
:1006700004F11404C4F1200500FA05F320FA04F093
:1006800001FA05F240EA020001F0004221F00041C7
:1006900010EBD37021FA04F642EB06015EEA430E3A
:1006A00008BF20EAD37070BDC4F10C04C4F120056A
:1006B00000FA04F320FA05F001FA04F240EA02001D
:1006C00001F0004110EBD37041F100015EEA430EEE
:1006D00008BF20EAD37070BDC4F1200500FA05F20E
:1006E0004EEA020E20FA04F301FA05F243EA02038D
:1006F00021FA04F001F0004121FA04F220EA02009C
:1007000000EBD3705EEA430E08BF20EAD37070BDE1
:1007100094F0000F0FD101F00046400041EB0101C1
:1007200011F4801F08BF013CF7D041EA060195F0A3
:10073000000F18BF704703F00046520043EB03035D
:1007400013F4801F08BF013DF7D043EA060370474A
:1007500094EA0C0F0CEA135518BF95EA0C0F0CD055
:1007600050EA410618BF52EA4306D1D181EA03019B
:1007700001F000414FF0000070BD50EA410606BF95
:100780001046194652EA430619D094EA0C0F02D1DA
:1007900050EA013613D195EA0C0F05D152EA03361F
:1007A0001CBF104619460AD181EA030101F000413D
:1007B00041F0FE4141F470014FF0000070BD41F086
:1007C000FE4141F4780170BD70B54FF0FF0C4CF460
:1007D000E06C1CEA11541DBF1CEA135594EA0C0F7F
:1007E00095EA0C0F00F0A7F8A4EB050481EA030ECC
:1007F00052EA03354FEA013100F088804FEA0333B3
:100800004FF0805545EA131343EA12634FEA022280
:1008100045EA111545EA10654FEA00260EF0004141
:100820009D4208BF964244F1FD0404F5407402D293
:100830005B084FEA3202B61A65EB03055B084FEA24
:1008400032024FF480104FF4002CB6EB020E75EB21
:10085000030E22BFB61A754640EA0C005B084FEA49
:100860003202B6EB020E75EB030E22BFB61A7546C6
:1008700040EA5C005B084FEA3202B6EB020E75EB11
:10088000030E22BFB61A754640EA9C005B084FEA89
:100890003202B6EB020E75EB030E22BFB61A754696
:1008A00040EADC0055EA060E18D04FEA051545EA85
:1008B00016754FEA06164FEAC30343EA52734FEA2E
:1008C000C2025FEA1C1CC0D111F4801F0BD141EAA7
:1008D00000014FF000004FF0004CB6E711F4801F0C
:1008E00004BF01430020B4F1FD0C88BFBCF5E06FEC
:1008F0003FF6AFAEB5EB030C04BFB6EB020C5FEAFC
:10090000500C50F1000041EB045170BD0EF0004E50
:100910004EEA113114EB5C04C2BFD4EB0C0541EA82
:10092000045170BD41F480114FF0000E013C90E67F
:1009300045EA060E8DE60CEA135594EA0C0F08BF43
:1009400095EA0C0F3FF43BAF94EA0C0F0AD150EA42
:1009500001347FF434AF95EA0C0F7FF425AF1046D5
:1009600019462CE795EA0C0F06D152EA03353FF4FD
:10097000FDAE1046194622E750EA410618BF52EA7A
:1009800043067FF4C5AE50EA41047FF40DAF52EA4E
:1009900043057FF4EBAE12E74FF0FF3C06E000BFEB
:1009A0004FF0010C02E000BF4FF0010C4DF804CDF8
:1009B0004FEA410C7FEA6C5C4FEA430C18BF7FEAB8
:1009C0006C5C1BD001B050EA410C0CBF52EA430CE6
:1009D00091EA030F02BF90EA020F0020704710F166
:1009E000000F91EA030F58BF994208BF90422CBFF5
:1009F000D8176FEAE37040F0010070474FEA410CEE
:100A00007FEA6C5C02D150EA013C07D14FEA430C0B
:100A10007FEA6C5CD6D152EA033CD3D05DF8040B7C
:100A2000704700BF8446104662468C4619466346AE
:100A300000E000BF01B5FFF7B7FF002848BF10F185
:100A4000000F01BD4DF808EDFFF7F4FF0CBF0120CA
:100A500000205DF808FB00BF4DF808EDFFF7EAFF46
:100A600034BF012000205DF808FB00BF4DF808ED01
:100A7000FFF7E0FF94BF012000205DF808FB00BFF6
:100A80004DF808EDFFF7CEFF94BF012000205DF880
:100A900008FB00BF4DF808EDFFF7C4FF34BF01208D
:100AA00000205DF808FB00BF4FEA410C7FEA6C5C58
:100AB00002D150EA013C0AD14FEA430C7FEA6C5C58
:100AC00002D152EA033C02D14FF0000070474FF0D0
:100AD000010070474FEA410212F5001215D211D5FC
:100AE0006FF47873B3EB625212D94FEAC12343F02B
:100AF000004343EA505311F0004F23FA02F018BFAD
:100B0000404270474FF00000704750EA013005D175
:100B100011F0004008BF6FF0004070474FF0000038
:100B2000704700BF00F024F80B480C490C4A002322
:100B300002E0D458C4500433C4188C42F9D3094A93
:100B4000094C002301E013600432A242FBD301F000
:100B500053FB00F00DFA704700000020D80600207B
:100B6000148C0008D8060020501D0020FEE700006D
:100B700080B400AF2F4B1B682E4A43F480331360C0
:100B800000BF2C4B1B6803F40033002BF9D02A4B19
:100B90001B68294A43F010031360274B1B68264A41
:100BA00023F007031360244B1B68234A43F004031C
:100BB0001360204B1F4A5B6853601E4B5B681D4AE5
:100BC00043F4806353601B4B1A4A5B685360194BB4
:100BD0005B68184A23F47C135360164B5B68154A14
:100BE00043F4E8135360134B1B68124A43F08073BD
:100BF000136000BF0F4B1B6803F00073002BF9D08C
:100C00000C4B5B680B4A23F003035360094B5B6892
:100C1000084A43F00203536000BF064B5B6803F0D1
:100C20000C03082BF9D1054B054A1A6000BFBD46DD
:100C300080BC7047001002400020024000000020ED
:100C400000A24A0480B485B000AF0023FB600023FB
:100C5000BB6000237B602F4B5B6803F00C03FB60E1
:100C6000FB68082B11D0FB68082B3AD8FB68002BD7
:100C700003D0FB68042B04D033E0274B274A1A60CB
:100C800033E0254B254A1A602FE0224B5B6803F4C2
:100C90007013BB601F4B5B6803F480337B60BB68E1
:100CA0009B0C0233BB607B68002B06D1BB681C4ADF
:100CB00002FB03F3184A136017E0164B5B6803F45A
:100CC0000033002B06D0BB68154A02FB03F3124A1F
:100CD00013600AE0BB68114A02FB03F30E4A13607B
:100CE00003E00D4B0D4A1A6000BF0A4B5B681B09FD
:100CF00003F00F030B4AD35CFB60074B1A68FB68D9
:100D000022FA03F3044A136000BF1437BD4680BCC7
:100D1000704700BF001002400000002000127A005F
:100D200000093D007888000880B483B000AF786087
:100D300000BFFDE780B483B000AF78604FF0FF33B1
:100D400018460C37BD4680BC704780B483B000AFF6
:100D5000786039603B684FF400525A6000231846AF
:100D60000C37BD4680BC704780B483B000AF78605C
:100D7000012318460C37BD4680BC704780B485B04F
:100D800000AFF860B9607A60002318461437BD469A
:100D900080BC704780B485B000AFF860B9607A60FD
:100DA000002318461437BD4680BC704780B485B018
:100DB00000AFF860B9607A607B6818461437BD46AA
:100DC00080BC704780B485B000AF78600A4B1B6868
:100DD000002B02D1084B094A1A60074B1B68FB60C5
:100DE000054B1A687B681344034A1360FB68184676
:100DF0001437BD4680BC7047D8060020501D002027
:100E000080B483B000AF78603960054B16221A6059
:100E10004FF0FF3318460C37BD4680BC704700BF0B
:100E2000D41B002080B400AF01231846BD4680BC0F
:100E3000704780B400AF00BFBD4680BC7047000063
:100E400080B400AF114B9B69104A43F4804343F0D8
:100E5000040393610E4B5B680D4A23F0F00353606B
:100E60000B4B5B680A4A43F0B0035360094B40F2F6
:100E700071229A60074BDB68064A43F4005343F043
:100E80000803D36000BFBD4680BC7047001002401D
:100E9000000801400038014080B483B000AF034631
:100EA000FB7100BF064B1B6803F08003002BF9D0D9
:100EB000034AFB79536000BF0C37BD4680BC7047C6
:100EC0000038014080B582B000AF786006E07B68F2
:100ED0005A1C7A601B781846FFF7DEFF7B681B7888
:100EE000002BF4D100BF00BF0837BD4680BD000015
:100EF00080B582B000AF7860074B4FF000521A61A6
:100F0000642000F061FA044B4FF400521A6164202F
:100F100000F05AFA00BFEFE70010014080B592B030
:100F200000AF78604FF4FA6000F04EFA074B1B6890
:100F300007F10800064A402101F0CAF807F108034A
:100F40001846FFF7BFFF00BFECE700BFDC0600203C
:100F5000F087000880B400AF044B1B680133034ADC
:100F6000136000BFBD4680BC704700BFDC06002098
:100F700080B582B002AFFFF765FE1A4B9B69194A34
:100F800043F010039361184B5B68174A23F4400346
:100F90005360154B5B68144A43F480135360124B43
:100FA0004FF400521A61FFF74BFF1048FFF78AFF1A
:100FB0000023019302230093002380220C490D4853
:100FC00000F0E6F8002301930123009300234FF47F
:100FD00080720949094800F0DBF800F063FA00BFAD
:100FE000FDE700BF00100240001001401888000813
:100FF00058880008F10E0008648800081D0F0008DA
:1010000080B483B000AF78607B6803F108027B682E
:101010005A607B684FF0FF329A607B6803F10802E8
:101020007B68DA607B6803F108027B681A617B6881
:1010300000221A6000BF0C37BD4680BC704780B4E8
:1010400083B000AF78607B6800221A6100BF0C3764
:10105000BD4680BC704780B485B000AF7860396011
:101060003B681B68BB60BB68B3F1FF3F03D17B6883
:101070001B69FB600CE07B680833FB6002E0FB68E7
:101080005B68FB60FB685B681B68BA689A42F6D2D3
:10109000FB685A683B685A603B685B683A689A60CC
:1010A0003B68FA689A60FB683A685A603B687A68FD
:1010B0001A617B681B685A1C7B681A6000BF143772
:1010C000BD4680BC704780B485B000AF78607B6857
:1010D0001B69FB607B685B687A6892689A607B68D2
:1010E0009B687A6852685A60FB685B687A689A42C3
:1010F00003D17B689A68FB685A607B6800221A619A
:10110000FB681B685A1EFB681A60FB681B68184660
:101110001437BD4680BC704780B58AB004AFF86014
:10112000B9607A603B607B689B00184600F002FD66
:1011300038613B69002B13D04C2000F0FBFC786138
:101140007B69002B08D04C220021786901F006F859
:101150007B693A691A6305E0386900F099FD01E09E
:1011600000237B617B69002B0DD0002303937B69F7
:1011700002937B6A01933B6A00933B687A68B96883
:10118000F86800F028F87B6918461837BD4680BD1E
:1011900080B588B002AFF860B9607A603B607B6A66
:1011A00001933B6A00933B687A68B968F868FFF777
:1011B000B3FF38613B69002B05D0386900F070F847
:1011C00001237B6102E04FF0FF337B617B691846AE
:1011D0001837BD4680BD80B586B000AFF860B960F5
:1011E0007A603B60BB6A1A6B7B6803F18043013B0A
:1011F0009B0013443B613B6923F007033B61BB68E1
:10120000002B1ED000237B6112E0BA687B69134477
:101210001978BA6A7B69134434330A461A70BA687B
:101220007B6913441B78002B06D07B6901337B61FB
:101230007B690F2BE9D900E000BFBB6A002283F86D
:1012400043203B6A042B01D904233B62BB6A3A6A00
:10125000DA62BB6A04331846FFF7F1FEBB6A183343
:101260001846FFF7ECFEBB6ABA6A1A613B6AC3F123
:101270000502BB6A9A61BB6ABA6A5A623A68F9683F
:10128000386900F0F1FD0246BB6A1A607B6A002BE8
:1012900002D07B6ABA6A1A6000BF1837BD4680BDAB
:1012A00080B584B000AF786000F07EFE3F4B1B68D5
:1012B00001333E4A13603E4B1B68002B09D13C4A68
:1012C0007B681360394B1B68012B10D100F086FB43
:1012D0000DE0384B1B68002B09D1354B1B68DA6ACF
:1012E0007B68DB6A9A4202D8314A7B681360324BD2
:1012F0001B680133304A13607B68DB6A01229A4025
:101300002E4B1B6813432D4A13607B68DA6A2C4905
:1013100013469B0013449B000B4404331B68FB6083
:101320007B68FA689A60FB689A687B68DA60FB6899
:101330009B687A6804325A607B681A1DFB689A6061
:101340007B68DA6A13469B0013449B001C4A1A44CC
:101350007B685A617B68DA6A194913469B0013441B
:101360009B000B441B687A68D26A591C14481346C8
:101370009B0013449B000344196000F02FFE0D4BAB
:101380001B68002B0ED00A4B1B68DA6A7B68DB6A8D
:101390009A4207D20B4B4FF080521A60BFF34F8F27
:1013A000BFF36F8F00BF1037BD4680BD8C07002094
:1013B000E006002098070020A807002094070020DE
:1013C000E406002004ED00E080B584B000AF786052
:1013D0000023FB607B68002B08D000F091F800210F
:1013E000786800F051FB00F099F8F860FB68002B7A
:1013F00007D1064B4FF080521A60BFF34F8FBFF3F7
:101400006F8F00BF1037BD4680BD00BF04ED00E008
:1014100080B58AB002AF0123FB6100233B6100234A
:101420007B6111E01C4A7B69134419783A467B6959
:1014300013440A461A703A467B6913441B78002B02
:1014400006D07B6901337B617B690F2BEADD00E00D
:1014500000BF0023BB6115E0104B3B61BB699B00E3
:101460000F4A13443946019300230093002380223E
:101470003869FFF78DFEF861FB69002B06D0BB6968
:101480000133BB61BB69002BE6DD00E000BFFB69F7
:1014900018462037BD4680BD70880008A91900088D
:1014A000B007002080B582B000AFFFF7B1FF7860D1
:1014B0007B68012B15D14FF0BF0383F31188BFF375
:1014C0006F8FBFF34F8F3B6000BF094B4FF0FF3270
:1014D0001A60084B01221A60074B00221A6000F0C4
:1014E00035FD064B1B6800BF0837BD4680BD00BFF9
:1014F000AC0700209807002090070020888800088B
:1015000080B400AF044B1B680133034A136000BF73
:10151000BD4680BC704700BFB407002080B588B0CE
:1015200000AF0023FB610023BB6100F03DFD002301
:101530003B616D4B1B68013B6B4A13606A4B1B6838
:10154000002B40F0CA80694B1B68002B00F0C5805F
:101550008EE0674BDB68DB68FB61FB699B6AFB60C5
:10156000FB69DB69FA69126A9A60FB691B6AFA69AE
:10157000D2695A60FB685A68FB6918339A4203D1F2
:10158000FB691A6AFB685A60FB6900229A62FB6871
:101590001B685A1EFB681A60FB695B69BB60FB69CC
:1015A0009B68FA69D2689A60FB69DB68FA6992689D
:1015B0005A60BB685A68FB6904339A4203D1FB69DD
:1015C000DA68BB685A60FB6900225A61BB681B6815
:1015D0005A1EBB681A60FB69DB6A01229A40454BC0
:1015E0001B681343434A1360FB69DA6A4249134696
:1015F0009B0013449B000B4404331B687B60FB6916
:101600007A689A607B689A68FB69DA607B689B6895
:10161000FA6904325A60FB691A1D7B689A60FB699B
:10162000DA6A13469B0013449B00334A1A44FB6951
:101630005A61FB69DA6A304913469B0013449B00E8
:101640000B441B68FA69D26A591C2B4813469B004D
:1016500013449B0003441960FB69DA6A274B1B683B
:10166000DB6A9A4204D9264A3B69012142F82310D9
:101670001F4B1B68002B7FF46CAFFB69002B01D064
:1016800000F0E8F91F4B1B687B617B69002B12D0CF
:1016900000F03CF80346002B04D0194A3B690121B5
:1016A00042F823107B69013B7B617B69002BEFD102
:1016B000144B00221A60124A3B6952F82330002B67
:1016C0000BD00123BB610D4B1B680F4B4FF08052B9
:1016D0001A60BFF34F8FBFF36F8F00F07FFCBB69C1
:1016E00018462037BD4680BDB40700208C07002077
:1016F0007807002094070020E4060020E006002080
:10170000A00700209C07002004ED00E080B588B011
:1017100000AF0023FB61764B1B68002B40F0DE809E
:10172000744B1B680133BB61724ABB691360BB69B0
:10173000002B10D1704B1B687B61704B1B686E4A8D
:1017400013606E4A7B6913606D4B1B6801336C4AF2
:10175000136000F07FF96B4B1B68BA699A42C0F0C6
:10176000A880654B1B681B68002B04D1654B4FF0AC
:10177000FF321A609DE0604B1B68DB68DB683B61F1
:101780003B695B68FB60BA69FB689A4203D25D4AB9
:10179000FB6813608DE03B695B69BB603B699B68DC
:1017A0003A69D2689A603B69DB683A6992685A6024
:1017B000BB685A683B6904339A4203D13B69DA68D3
:1017C000BB685A603B6900225A61BB681B685A1E9D
:1017D000BB681A603B699B6A002B1ED03B699B6A01
:1017E0007B603B69DB693A69126A9A603B691B6AF4
:1017F0003A69D2695A607B685A683B6918339A42E1
:1018000003D13B691A6A7B685A603B6900229A627D
:101810007B681B685A1E7B681A603B69DB6A012281
:101820009A40394B1B681343374A13603B69DA6AA5
:10183000364913469B0013449B000B4404331B683A
:101840003B603B693A689A603B689A683B69DA603A
:101850003B689B683A6904325A603B691A1D3B68D1
:101860009A603B69DA6A13469B0013449B00274A3F
:101870001A443B695A613B69DA6A244913469B0062
:1018800013449B000B441B683A69D26A591C1F48D9
:1018900013469B0013449B00034419603B69DA6ABA
:1018A0001B4B1B68DB6A9A427FF65BAF0123FB612F
:1018B00057E7174B1B68DA6A144913469B00134419
:1018C0009B000B441B68012B01D90123FB61114BC9
:1018D0001B68002B07D00123FB6104E00E4B1B6843
:1018E00001330D4A1360FB6918462037BD4680BDA1
:1018F000B407002090070020700700207407002024
:10190000A4070020AC07002094070020E406002074
:10191000E0060020A00700209C07002080B485B0CE
:1019200000AF1C4B1B68002B03D01B4B01221A601D
:101930002BE0194B00221A60184B1B687B607B68F8
:10194000B3FA83F3FB70FB78C3F11F03FB60FA6803
:1019500013469B0013449B00114A1344BB60BB68B1
:101960005B685A68BB685A60BB685A68BB680833D2
:101970009A4203D1BB68DA68BB685A60BB685B688F
:10198000DB68084A1360074B1B6800BF1437BD466D
:1019900080BC7047B4070020A007002094070020F7
:1019A000E4060020E006002080B582B000AF786039
:1019B00000F04AF8074B1B68012B07D9064B4FF084
:1019C00080521A60BFF34F8FBFF36F8FFFF7C2FAD9
:1019D000EEE700BFE406002004ED00E080B582B031
:1019E00000AF00237B600CE07A6813469B00134431
:1019F0009B000F4A13441846FFF702FB7B68013334
:101A00007B607B68042BEFD90A48FFF7F9FA0A4894
:101A1000FFF7F6FA0948FFF7F3FA094B054A1A608F
:101A2000084B054A1A6000BF0837BD4680BD00BF9D
:101A3000E4060020480700205C070020780700200B
:101A4000700700207407002080B400AF00BFBD46BF
:101A500080BC704780B400AF094B1B681B68002B2B
:101A600004D1084B4FF0FF321A6005E0044B1B68AD
:101A7000DB681B68034A136000BFBD4680BC70472B
:101A800070070020AC07002080B586B000AF7860FA
:101A90003960224B1B687B61214B1B683B61214BEA
:101AA0001B68FB60204B1B6804331846FFF70BFBD9
:101AB0000346002B0BD11C4B1B68DB6A012202FA88
:101AC00003F3DA43194B1B681340184A13607A6911
:101AD0007B681344BB60144B1B68BA685A60BA68D1
:101AE0007B699A4207D2104B1B6804331946F86889
:101AF000FFF7B1FA0EE00C4B1B6804331946386946
:101B0000FFF7A9FA0A4B1B68BA689A4202D2084A40
:101B1000BB68136000BF1837BD4680BD900700202A
:101B20007007002074070020E006002094070020C2
:101B3000AC07002080B588B000AF786000237B61DF
:101B40007B68002B22D00823DB437A689A421BD89B
:101B500008227B6813447B607B6803F00703002B3B
:101B600014D07B6803F00703C3F108033B613B69B2
:101B7000DB437A689A4204D87A683B6913447B60F5
:101B800004E000237B6001E000237B60FFF7B8FCEA
:101B90003A4B1B68002B01D100F0B4F87B68002B96
:101BA00064DB7B68002B61D0354B1B687A689A42F6
:101BB0005CD8344BBB61334B1B68FB6104E0FB69B1
:101BC000BB61FB691B68FB61FB695B687A689A42D1
:101BD00003D9FB691B68002BF1D1284B1B68FA69FC
:101BE0009A4243D0BB691B68082213447B61FB699E
:101BF0001A68BB691A60FB695A687B68D21A0823A5
:101C00005B009A4213D9FA697B681344FB60FB6955
:101C10005A687B68D21AFB685A60FB697A685A6016
:101C2000BB691A68FB681A60BB69FA681A60144BD2
:101C30001A68FB695B68D31A114A1360104B1A6863
:101C4000114B1B689A4203D20D4B1B680E4A13605E
:101C5000FB695B6843F00042FB695A60FB69002244
:101C60001A600A4B1B680133084A1360FFF756FCE1
:101C70007B6918462037BD4680BD00BFC01B0020D1
:101C8000C41B0020B81B0020C81B0020CC1B002058
:101C900080B584B000AF78607B68FB607B68002B08
:101CA00027D008235B42FA681344FB60FB68BB60E3
:101CB000BB685B68002B1CDABB681B68002B18D163
:101CC000BB685B6823F00042BB685A60FFF718FCF2
:101CD000BB685A68094B1B681344084A1360B8680C
:101CE00000F06AF8064B1B680133054A1360FFF7E2
:101CF00015FC00BF1037BD4680BD00BFC41B0020CF
:101D0000D01B002080B485B000AF4FF4A053BB605F
:101D1000244BFB60FB6803F00703002B0CD0FB682F
:101D20000733FB60FB6823F00703FB60BA68FB68BE
:101D3000D31A1C4A1344BB60FB681B4A13601A4B3E
:101D400000225A60FA68BB6813447B6008227B68F3
:101D50009B1A7B607B6823F007037B607B68134AD8
:101D60001360124B1B6800225A60104B1B68002244
:101D70001A60FB683B603B687A68D21A3B685A601D
:101D80000A4B1A683B681A603B685B68084A136034
:101D90003B685B68074A136000BF1437BD4680BCD0
:101DA000704700BFB8070020B81B0020C01B0020F0
:101DB000C81B0020C41B002080B485B000AF786031
:101DC000274BFB6002E0FB681B68FB60FB681B683D
:101DD0007A689A42F7D8FB68BB60FB685B68BA68B0
:101DE00013447A689A4208D1FB685A687B685B683A
:101DF0001A44FB685A60FB687B607B68BB607B6849
:101E00005B68BA681A44FB681B689A4218D1FB6881
:101E10001A68144B1B689A420DD07B685A68FB689D
:101E20001B685B681A447B685A60FB681B681A6809
:101E30007B681A6008E00B4B1A687B681A6003E045
:101E4000FB681A687B681A60FA687B689A4202D05D
:101E5000FB687A681A6000BF1437BD4680BC7047C3
:101E6000B81B0020C01B002080B485B000AFF86014
:101E7000B9607A60FB68043BFB60FB684FF08072DE
:101E80001A60FB68043BFB60BB6823F00102FB683F
:101E90001A60FB68043BFB60084AFB681A60FB6839
:101EA000143BFB607A68FB681A60FB68203BFB60B0
:101EB000FB6818461437BD4680BC7047C11E000839
:101EC00080B483B000AF00233B604FF0BF0383F3C7
:101ED0001188BFF36F8FBFF34F8F7B6000BF00BFD0
:101EE0003B68002BFCD000BF00BF0C37BD4680BC58
:101EF000704700000000000000000000000000002B
:101F0000074B19680868B0E8F00F80F30988BFF341
:101F10006F8F4FF0000080F311884EF00D0E704768
:101F2000E006002000BF00BF06480068006880F39C
:101F3000088862B661B6BFF34F8FBFF36F8F00DFC3
:101F400000BF000008ED00E000BF00BF80B582B018
:101F500000AF114B1B687B60104B1B680F4A43F4AA
:101F60007F0313600D4B1B680C4A43F07F431360E3
:101F70000B4B00221A6000F091F80A4B00221A6005
:101F8000FFF7D2FFFFF7CAFCFFF79AFF00231846BE
:101F90000837BD4680BD00BF08ED00E020ED00E041
:101FA0001CED00E00400002080B483B000AF4FF0CF
:101FB000BF0383F31188BFF36F8FBFF34F8F7B6035
:101FC00000BF054B1B680133034A136000BF0C3789
:101FD000BD4680BC704700BF0400002080B483B0C1
:101FE00000AF0A4B1B68013B084A1360074B1B6894
:101FF000002B05D100237B607B6883F3118800BF31
:1020000000BF0C37BD4680BC704700BF04000020F5
:10201000EFF30980BFF36F8F0D4B1A6820E9F00FC3
:1020200010602DE908404FF0BF0080F31188FFF7E2
:1020300075FC4FF0000080F31188BDE80840196876
:102040000868B0E8F00F80F30988BFF36F8F70471E
:10205000E006002000BF00BF80B582B000AF4FF0A7
:10206000BF0383F31188BFF36F8FBFF34F8F7B6084
:1020700000BFFFF74BFB0346002B03D0064B4FF08E
:1020800080521A6000233B603B6883F3118800BFD5
:1020900000BF0837BD4680BD04ED00E080B400AF4E
:1020A000074B00221A60074B00221A60064B074AB2
:1020B0001A60034B07221A6000BFBD4680BC704700
:1020C00010E000E018E000E014E000E03F1901003B
:1020D0000CB410B5204B00291C689CB036DB4FF0C7
:1020E00000034FF402721B934FF6FF7C02900690A0
:1020F000ADF814201FAB16D001391E9A0491079138
:10210000204602A90193ADF816C000F0B7FC421CAE
:1021100001DA8B2323600022029B1A701CB0BDE8F9
:10212000104002B070470491079120461E9A02A900
:102130000193ADF816C000F0A1FC431C01DA8B231B
:1021400023601CB0BDE8104002B070478B234FF0F5
:10215000FF302360F5E700BF08000020830730B59B
:1021600046D08446841805E0634603F8011B9D07AA
:1021700003D09C46A445F7D130BD013A0244A2EBFE
:102180000C02032A29D9CCB204EB04240F2A04EB55
:1021900004442FD9A2F1100C2CF00F0C03F1100500
:1021A000AC44C3E90044C3E9024410336345F8D1A9
:1021B00012F00C0F02F00F0E18D01A462EF0030C7E
:1021C0009C44AEF1040542F8044B6245FBD125F076
:1021D000030404330EF003022344002ACCD0C9B216
:1021E0001A4403F8011B9342FBD130BD7246F4E759
:1021F0000346C6E79646E0E770B50F4B0F4DAB427E
:10220000A3EB050607D00024B61055F8043B0134B3
:102210009847A642F9D8FEF70CFE094D094B5E1B04
:10222000AB424FEAA60606D0002455F8043B013421
:102230009847A642F9D870BD148C0008148C000889
:10224000148C0008148C00082DE9F8430646082079
:10225000894602F05BFE0546DFF89880304600F0C4
:1022600001FCD8F808305F6827F00307A7F11104D4
:10227000A4EB09042C44B4FBF5F4013C05FB04F485
:10228000A54208DC0021304602F010FED8F80830E4
:102290003B44984205D0304600F0EAFB0020BDE800
:1022A000F8833046614202F001FE01300FD0124A3D
:1022B000D8F808303F1B47F001075F6013683046CD
:1022C0001B1B136000F0D4FB0120BDE8F883002144
:1022D000304602F0EBFDD8F80820831A0F2BDADD28
:1022E00043F001035360054B03491B68C01A0860A3
:1022F000D1E700BF58010020D81B0020500100206A
:1023000000295AD0F8B50C46074600F0ABFB54F84C
:1023100004CC724DA4F108022CF00103D118A86876
:102320004E68884226F003060CF0010E7CD04E6009
:102330008819406800F00100BEF1000F2ED154F85A
:10234000084C05F1080C121B23449468644560D0C6
:10235000D2F80CE0C4F80CE0CEF8084000287DD09C
:1023600043F0010050600B60B3F5007F2ED2580996
:10237000D908012383406868013103436B6055F835
:10238000310005EBC103083BC2E9020345F83120E7
:10239000C2603846BDE8F84000F06ABB70B933440B
:1023A00005F1080C886843F0010460456ED0C968E7
:1023B000C16088605460D350D6E770474CF001018B
:1023C000B3F5007F44F8041CD350D0D3B3F5206F8D
:1023D0004FEA532144D2990901F1390001F138043F
:1023E000C100681869580838884203D155E08968E7
:1023F000884204D04C6824F003049C42F7D8C86893
:10240000C2E9021082603846BDE8F840CA6000F0B8
:102410002FBB80BB1E44D1E90213CB60996046F00C
:10242000010353609651B4E71E44BEF1000F07D17B
:1024300054F8083CD21A1E44D2E90213CB609960CA
:1024400046F001035360264BAA601B68B342A0D834
:10245000244B38461968FFF7F7FE9AE73344A1E7A3
:1024600014290DD954291FD8190B01F16F0001F15E
:102470006E04C100B5E743F0010050600B6088E7CF
:1024800001F15C0001F15B04C100AAE7C5E9042287
:10249000C2E902CC5460D3507BE70123A410A340CF
:1024A0006C6823436B60ABE7B1F5AA7F06D8D90B04
:1024B00001F1780001F17704C10092E740F2545035
:1024C000814206D8990C01F17D0001F17C04C10024
:1024D00087E74FF47E717E2483E700BF5801002018
:1024E00054010020081C00202DE9F04F01F10B05DC
:1024F000162D064683B024D8102900F2AE8000F0D5
:10250000B1FA102518234FF0020CC04F3B445C6811
:10251000A3F10802944200F05F8130466368E268EC
:10252000A16823F00303CA60234491605A68083409
:1025300042F001025A6000F09BFA204603B0BDE869
:10254000F08F35F0070500F18880A94200F2858000
:1025500000F088FAB5F5FC7FC0F0B1816B0A00F09D
:102560008380042B00F26E81AB0903F1390C03F177
:10257000380E4FEACC00A54F384444680838A042D2
:1025800007D10DE0002AE16880F22081884207D05F
:102590000C46636823F003035A1B0F2AF2DDF4464E
:1025A000DFF86C823C69444500F0FD80636823F0ED
:1025B0000309A9EB05030F2B00F38681002BC7E964
:1025C000048880F27081B9F5007FD7F804E080F0CC
:1025D0000A8101234FEAD9014FEA5919194403FA34
:1025E00009F357F831204EEA030E07EBC103083B0D
:1025F000A260E360C7F804E047F83140D4600120EE
:102600004FEAAC039840704535D810EA0E0F07D159
:102610002CF0030C400010EA0E0F0CF1040CF9D062
:1026200007EBCC0AD646E146DEF80C300BE05968E1
:102630001C4621F003014A1B0F2ADB6800F30F81BF
:10264000002A80F223819E45F1D109F1010919F098
:10265000030F0EF1080EE7D160E10C233360002474
:10266000204603B0BDE8F08F4FF400704FF0400CEF
:102670004FF03F0E7FE7BC68636823F00309A9456C
:1026800004D3A9EB05030F2B00F39080614B0820C6
:102690001B6803F1100804EB0903009302F036FCF9
:1026A0005D4A83461368A844013305D008F1FF381A
:1026B0008044434203EA08084146304602F0F6FBF4
:1026C000B0F1FF3F8246544A00F0198104EB090340
:1026D000834200F21281514B0BF1FF3C18684044D9
:1026E000186000F068811168013100F0708104EB1E
:1026F0000902AAEB020202441A601AF00702CDE9AD
:10270000002300F02A81C2F108029244D04408EA72
:102710000C015A44521A02EA0C0B5946304602F098
:10272000C5FB421C019B00F06F81A0EB0A0000EB8F
:102730000B08186848F001025844BC42C7F808A0CA
:102740001860CAF8042017D0B9F10F0F40F2428187
:102750004FF0050C6168A9F10C0222F0070201F0AC
:102760000101114361600F2A04EB0201C1E901CCB0
:1027700000F25281DAF804205446294B196881424C
:1027800038BF1860274B1968814238BF186022F0A3
:102790000308A845A8EB050301D30F2B06DC304640
:1027A00000F066F95BE7D7F804E028E7621943F028
:1027B000010345F0010565603046BA600834536096
:1027C00000F056F9204603B0BDE8F08FA26830460D
:1027D000D16023448A60A9E6DC68A3427FF49DAE01
:1027E0000CF1020CDCE6B9F5206F4FEA59227DD3DB
:1027F000142A00F2C58002F15C03DB005B32F91899
:10280000FB580839994212D19EE000BF58010020C0
:1028100060010020081C002050010020D81B00206F
:10282000041C0020001C00209B68994204D05A68B8
:1028300022F003024A45F7D8D968C4E902318C6016
:10284000DC60DCE6142B5DD9542B00F2A2802B0B4C
:1028500003F16F0C03F16E0E4FEACC008BE6D4F857
:1028600008C03046661945F001056560CCF80C30AB
:10287000C3F808C042F00103C7E90466C6E902884C
:102880007360625000F0F4F80834E9E621444A68C5
:10289000304642F001024A6054F8082FD3609A6033
:1028A00000F0E6F8DCE6A144D9F80430304643F005
:1028B0000103C9F8043000F0DBF80834D0E64FEA31
:1028C000D50C05F1080320E6621943F0010145F03B
:1028D000010565603046C7E90422C2E902885160FB
:1028E00044F8093000F0C4F80834B9E64FEA991208
:1028F00002F13903DB00383281E7BC4254D0BC68B6
:10290000626844E703F15C0C03F15B0E4FEACC0014
:1029100031E65AF80839534540F09F801CF0030F08
:102920000CF1FF3CF5D17B6823EA00037B6040009B
:1029300098423FF6A0AE18B99DE6400009F104099F
:102940001842FAD0CC466BE60120921000FA02F24F
:102950004EEA020EC7F804E06FE70AEB080202EA4B
:102960000C02ABEB020202EA0C0B5946304602F0B5
:102970009DFA431C019B7FF4D8AEDDF800B0D8E689
:10298000542A2BD84FEA193202F16F03DB006E3262
:1029900035E7B3F5AA7F2BD8EB0B03F1780C03F1E5
:1029A000770E4FEACC00E6E52D4B0BF1FF3C1868A3
:1029B0004044186097E61AEA0C0F7FF494AED7F8FB
:1029C00008A0C84448F00102CAF80420D4E6C2F8BE
:1029D00000A092E60123CAF80430E0E6B2F5AA7F2F
:1029E00025D84FEAD93202F17803DB00773206E7C7
:1029F00040F25452934225D8AB0C03F17D0C03F105
:102A00007C0E4FEACC00B6E5009A4FF0000B083A76
:102A10009044A8EB0A088CE6304604F108010093C4
:102A2000FFF76EFC009BD7F808A01868A2E640F2FA
:102A300054539A420DD84FEA994202F17D03DB00CC
:102A40007C32DCE64FF47E704FF07F0C4FF07E0E50
:102A500091E54FF47E737E22D1E67B6867E700BF85
:102A6000D81B0020014802F04DBA00BF481D0020CD
:102A7000014802F049BA00BF481D00202DE9F04F7F
:102A8000D7B00C4692460C910E930B9002F0CCF905
:102A900003681846189302F087FAA38917901D0659
:102AA00003D52369002B01F0818000232DAA19464C
:102AB0001446CDE92B332A92129300220023CDF83D
:102AC00018A0CDE91423069BCDE91B111B781991A1
:102AD0001A910A91002B00F04881069E04E016F836
:102AE000013F002B00F09780252BF8D1069BF51AAB
:102AF00040F095803378002B00F0378100234FF0B1
:102B0000FF329B4696F801A00892751C8DF88B3019
:102B100009930135AAF120035A2B00F2AE80DFE8B9
:102B200013F02D04AC00AC002704AC00AC00AC00EA
:102B30000704AC00AC006A00A902AC00A4023F0488
:102B4000AC0039045B005B005B005B005B005B007A
:102B50005B005B005B00AC00AC00AC00AC00AC0008
:102B6000AC00AC003001AC005A02A10430013001CD
:102B70003001AC00AC00AC00AC000104AC00AC0017
:102B8000B203AC00AC00AC006F02AC005D04AC0062
:102B9000AC009E07AC00AC00AC00AC00AC00AC00DC
:102BA000AC00AC003001AC005A02730130013001BE
:102BB0003001B90273017500AC00D502AC00C60249
:102BC0009E0372037500AC006F027200E202AC005B
:102BD000AC001408AC0072000022AAF1300315F812
:102BE00001AB02EB820203EB4202AAF13003092B94
:102BF000F5D909928EE70E9B53F8042B002A09920F
:102C00000E93C0F22F8295F800A082E795F800A0FD
:102C10004BF0200B7DE7069BF51A00F0A680069B83
:102C20002B9AC4E900352C9B01322B44072A2C93A4
:102C30002B9204DC08340A9B2B440A935AE72AAAF5
:102C4000DDE90B0101F056FF70B92DACF3E72AAABC
:102C5000DDE90B0101F04EFF002876D00D9B1BB182
:102C60000D990B98FFF74CFB0C9B9B895B0601F1C0
:102C700025870A9857B0BDE8F08F0F95BAF1000F7D
:102C800073D000230127CDE907733DAA8DF8F4A086
:102C900006928DF88B300D931693139310932C9D01
:102CA0001BF08403294600F0F0809DF88B20FAB1D8
:102CB0004FF000082B98012201300135626007288F
:102CC0000DF18B02CDE92B05226000F3A3840834BB
:102CD000B8F1000F0CD02B9802220130023562604F
:102CE000072823AACDE92B05226000F38584083448
:102CF000802B00F0D783089BA3EB0708B8F1000FE7
:102D000000F3D7801BF4807F40F01181069B3D4487
:102D100023602B9B67600133072B2C952B9300F3CB
:102D20000E8408341BF0040F05D0099B079A9F1AE4
:102D3000002F00F37D84DDE9092307998A42ACBFA7
:102D40009B185B180A93002D81D100232B930D9BB8
:102D50001BB10D990B98FFF7D3FA2DAC0F9B06937F
:102D6000069B1B78002B7FF4B8AE2C9B002B3FF406
:102D70007BAF0C9C0B9821462AAA01F0BBFEA389CD
:102D800074E70E9B4FF0FF32073323F00703F3E89D
:102D900002670E9327F0004321932096DDE92089F6
:102DA000B74B40464946CDE914670F95FDF77CFEC9
:102DB000002840F0F9854FF0FF3240464946B04BBD
:102DC000FDF754FE0546002840F0EE850022002362
:102DD000304639462BF0800BFDF73EFE002841F0CF
:102DE0008181BAF1470FCCBFA64AA74A9DF88B3024
:102DF0000692002B41F0D78503270D930893169375
:102E00001393109307974AE71BF0200F0F9500F0DC
:102E1000A7850E9B073323F007031A465B6852F819
:102E2000085B98460E92002BC0F22F83089A002A66
:102E300005DB55EA08032BF0800B00F099860A2D7C
:102E400078F1000380F0708105F13003DBB28DF87A
:102E50005731089B0127012BB8BF01230DF25712F0
:102E600007939DF88B300692002B01F00786079B95
:102E70002C9D0133079300230D9316931393109306
:102E80001BF0840329467FF410AF099A0798A2EB40
:102E90000008B8F1000F00F38A849DF88B20002A07
:102EA0007FF406AF089BA3EB0708B8F1000F7FF78C
:102EB00029AFB8F1100F2B9A744E28DD234629460E
:102EC000DDE90B454FF0100906E0A8F11008B8F154
:102ED000100F03F1080318DD01326C481031072A86
:102EE000C3E90009CDE92B21EFDD294620462AAAB6
:102EF00001F000FE00287FF4B1AEDDE92B21A8F13E
:102F00001008B8F1100F2DABE6DC1C460D4601325F
:102F10004544072ACDE92B252660C4F8048000F338
:102F2000E3841BF4807F04F108043FF4EFAEBAF1B0
:102F3000650F40F31083DDE9140100220023FDF743
:102F400081FD002800F0AD83012363602B9B504A74
:102F500001330135072B2C952B93226000F39987C1
:102F60000834249B129A934280F2E484179B189AA7
:102F70001D44C4E900232B9B2C950133072B2B9375
:102F800000F308860834129B5F1E002F7FF7CAAE3D
:102F9000102F2B9B40F3C982DDE90B9A4FF01008EC
:102FA0003A4E04E00834103F102F40F3BF82013343
:102FB0001035072BC4E90068CDE92B35F2DD514609
:102FC00048462AAA01F096FD00287FF447AEDDE9C5
:102FD0002B352DACE7E700223DA9012706911146CC
:102FE0000E9B8DF88B200D9253F8042B0F958DF8C6
:102FF000F4200E93079708911691139110914EE6C5
:103000004FF000080F950E9D8DF88B8055F8043B0E
:103010000693002B00F08787089B002BC0F2D58514
:10302000069E1A464146304601F07EFF9DF88B30E1
:103030000D90002801F01283871B27EAE7720792A0
:10304000002B00F0CE8513460133CDF820800E957D
:103050000793CDF83480CDF85880CDF84C80CDF86A
:1030600040801CE6099B5B42099395F800A04BF059
:10307000040B4EE52B2395F800A08DF88B3048E526
:10308000FFFFEF7F908800088C880008CC8900083B
:10309000CC88000895F800A0BAF1680F03BF95F836
:1030A00001A04BF4007B01354BF0400B31E50E9A4B
:1030B0001BF0200F0F9502F1040300F063841268E7
:1030C0000A991160C91751600E9347E695F800A060
:1030D000BAF16C0F03BF95F801A04BF0200B01353E
:1030E0004BF0100B15E51BF0200F0F9540F096816B
:1030F0000E9A1BF0100852F8043B41F031831BF08C
:10310000400100F076879DB2089B8DF88B80002BE4
:1031100004DB2BF0800B002D00F078810A2D78F174
:1031200000030E92FFF490AECDE9064A0027DFF8C7
:10313000E892DDF86CA056A90BF4806624E015EB4C
:10314000080343F10003A9FB032020F0030202EB74
:1031500090029B1A4FF0CC32AE464446EB1A02FB6B
:1031600003F268F1000809FB0822A3FB0953BEF132
:103170000A0F13444FEA550574F10004614645EA0D
:10318000C3754FEA53082BD315EB080343F1000333
:10319000A9FB032020F0030202EB90029B1AEB1A1A
:1031A000A3FB093268F1000009FB00225B0843EA37
:1031B000C27303EB8303A5EB43033033013701F103
:1031C000FF3C01F8013C002EB9D09AF80030BB4218
:1031D000B5D1FF2FB3D00A2D78F1000380F03887E6
:1031E000624656AB12979F1A089B069CBB42B8BF1B
:1031F0003B46CDF86CA0CDF818C0DDF81CA00793B5
:103200009DF88B3030E6002147F630030E98089E7B
:1032100050F8042B8E42ADF88C300F9513468DF884
:103220008B10C0F299842BF0800545F0020B002A28
:1032300040F06F86002E00F0788730238DF85731EC
:103240000DF2571301274FF0780A944613920E900F
:103250000796109216920D92069300F05ABC1BF03E
:10326000200F0F9540F073830E9A1BF0100152F857
:10327000043B41F072821BF0400000F09E865846ED
:103280000E929BB20FE01BF0200F0F954BF0100039
:1032900000F05F830E9B073323F007031A4659683B
:1032A00052F8083B0E9200228DF88B20089A002AD3
:1032B00017DB53EA010220F4906B14D1089A92B9FB
:1032C00010F00107079700F0B48530238DF85731CF
:1032D000089B1693139310930D930DF257130693B7
:1032E000DDE420F4806B56AD03F00702DB0843EA0F
:1032F0004173C908303253EA0106284605F8012D0A
:10330000F2D11BF001010695109140F0998256AB65
:103310005F1B089B1691BB42B8BF3B4613910793B6
:103320000D91BCE495F800A04BF0080BFFF7F1BB42
:103330000B9F384601F078FD436818461A9301F058
:1033400033FE1C900646384601F06EFD826895F803
:1033500000A01B92002E3FF4DCAB002A3FF4D9AB57
:103360001378002B3FF4D5AB4BF4806BFFF7D1BB48
:1033700095F800A04BF0010BFFF7CBBB9DF88B300D
:1033800095F800A0002B7FF4C4AB20238DF88B3080
:10339000FFF7BFBB95F800A04BF0800BFFF7B9BB60
:1033A000294611F801ABBAF12A0F01F05B83AAF1AB
:1033B0003003092B98BF002201F2A18111F801AB63
:1033C00002EB820203EB4202AAF13003092BF5D98A
:1033D00042EAE2730D460893FFF79CBB1BF0200FF7
:1033E0000F954BF010011AD10E9B1A1D4FF00008DB
:1033F0000E9B08981B6840451D468DF88B80C0F2D7
:10340000A78321F0800B002B7FF488AE089B0E92DF
:10341000FBB1002518E500BFCDCCCCCC59460E9BA6
:10342000073323F007031A46D3F8048000238DF8EE
:103430008B30089B52F8085B002B0E92C0F28983F8
:1034400055EA080321F0800B7FF4F9AC089B002BB0
:10345000DFD11F4616931393109307930D9356AB2A
:1034600006931CE41BF0200F0F954BF0100340F067
:103470006B820E9A04320E999B460D680E924FEAAB
:10348000E5784346002BBFF6D1AC2D238DF88B3069
:10349000089B6D4268EB4808002BFFF6D0AC2BF080
:1034A000800BCCE4099B079AA3EB0208B8F1000F4C
:1034B0007FF721ACB8F1100F2B9A41F36B812346B3
:1034C0002946DDE90B454FF01009BF4E06E0A8F193
:1034D0001008B8F1100F03F1080317DD01321031A5
:1034E000072AC3E90069CDE92B21F0DD29462046F2
:1034F0002AAA01F0FFFA00287FF4B0ABDDE92B2106
:10350000A8F11008B8F1100F2DABE7DC1C460D46F2
:1035100001324544072ACDE92B252660C4F80480F2
:1035200000F3E5840834FFF7E6BBA74E01333D44C2
:10353000072B26606760CDE92B357FF7F2ABDDE91D
:103540000B012AAA01F0D6FA00287FF487AB2C9D44
:103550002DACFFF7E7BB2B9B013503F10108129B54
:10356000CDE92B85012B069B04F1080923604FF060
:103570000103636040F37B81B8F1070F00F3C08162
:10358000179B08F10108189A1D44B8F1070FC9E903
:103590000023CDE92B8500F3C08109F10809129BB6
:1035A0000022DDE914015C1E0023FDF74BFA002820
:1035B00040F07281069F08F1010801372544B8F1F7
:1035C000070FCDE92B85C9F80070C9F8044000F356
:1035D000568109F10809199A08F101031544C9F83F
:1035E0000420072B26AACDE92B35C9F80020A6DC3C
:1035F00009F10804FFF796BB2AAADDE90B011D9328
:1036000001F078FA00287FF429AB2C9D1D9B2DAC8E
:10361000FFF76EBB2AAADDE90B011D9301F06AFAE0
:1036200000287FF41BAB2C9D1D9B2DACFFF750BBDE
:10363000102F2B9B41F36880DDE90B9A4FF01008A7
:10364000624E04E0103F102F04F1080415DD013331
:103650001035072BC4E90068CDE92B35F2DD514662
:1036600048462AAA01F046FA00287FF4F7AADDE9C5
:103670002B35103F102F2DACE9DC01333D44072BD7
:10368000C4E90067CDE92B357FF755ABDDE90B01C8
:103690002AAA01F02FFA00287FF4E0AA2C9DFFF758
:1036A0004ABB2499002940F39F83DDF84090129B88
:1036B0009945A8BF9946B9F1000F0BDD069B4D4413
:1036C000C4E900392B9B2C950133072B2B9300F376
:1036D00056860834DDF84080B9F1000FA8BFA8EB8A
:1036E0000908B8F1000F00F38482DDF840A0069BC2
:1036F0001BF4806F9A4440F0A282249A129B9A4253
:1037000003DB1BF0010F00F01E85179B18991D4469
:10371000C4E900132B9B2C950133072B2B9300F34B
:103720004F870834129BDDF818809F1A9844A8EB45
:103730000A08B845A8BFB846B8F1000F0CDD2B9BAE
:1037400045440133072BC4F800A0C4F804802C952D
:103750002B9300F3C5870834B8F1000FA8BFA7EB7F
:103760000807002F7FF7DEAA102F2B9B7FF7DDAE17
:10377000DDE90B9A4FF01008134E04E00834103FB7
:10378000102F7FF7D3AE01331035072BC4E9006843
:10379000CDE92B35F2DD514648462AAA01F0AAF9B7
:1037A00000287FF45BAADDE92B352DACE7E72B9AE7
:1037B000B8F1100F40F34F872046DDE90B94102538
:1037C000024E1D930BE000BFCC890008DC89000885
:1037D000A8F11008B8F1100F00F1080017DD013250
:1037E0001031072AC0E90065CDE92B21F0DD214623
:1037F00048462AAA01F07EF900287FF42FAADDE9C5
:103800002B21A8F11008B8F1100F2DA8E7DC044611
:103810001D9B501C08EB01050728CDE92B052660F0
:10382000C4F8048000F30F839DF88B200834002A2D
:1038300040F08680002B3FF45EAA1346FFF74CBA97
:10384000302A00F0328330230699023801F8013C17
:1038500056AB1F1A089B0022BB42B8BF3B460D92D5
:1038600006900793169213921092FFF718BA1BF066
:10387000010F7FF481AEB8F1070F7FF7ACAEDDE941
:103880000B012AAA01F036F900287FF4E7A9DDE947
:103890002B850DF1B4099EE6129B012B7FF79BAEA1
:1038A000112B41F3CC804346DDE90B8A1027B64E3D
:1038B00005E009F10809103C102C40F36F83013337
:1038C0001035072BC9E90067CDE92B35F1DD5146ED
:1038D00040462AAA01F00EF900287FF4BFA9DDE9CD
:1038E0002B350DF1B409E6E72AAADDE90B0101F059
:1038F00001F900287FF4B2A92C9D2DACFFF702BA84
:103900002AAADDE90B0101F0F5F800287FF4A6A949
:10391000DDE92B850DF1B40932E62AAADDE90B01B8
:1039200001F0E8F800287FF499A9DDE92B850DF175
:10393000B40934E61BF0010F3FF4F4A9FFF716BBFE
:1039400098460023FFF7B7B99B46FFF762BA58467F
:10395000A0E40E9B1A1D0E9B00211B680E92A2E490
:103960000E9A1BF0100F52F8045B40F0F3861BF028
:10397000400F0E9200F02B8345F3C03843462DB222
:10398000FFF751BA1BF0100F40F0BD821BF0400F43
:1039900040F044841BF4007F00F0B5820E9A0A992F
:1039A00012681170FFF790BBDDE9140102460B4667
:1039B000FDF77AF88046002840F06E87BAF1610F73
:1039C00000F01E85BAF1410F00F05786089B0133C5
:1039D00000F04584BAF1670F159B4BF4807600F038
:1039E0000487BAF1470F00F000870D90DDE914124B
:1039F000002A1346C0F2EE86DDE914234FF00008DA
:103A0000CDE91E23AAF14103252B00F2AA83DFE8AA
:103A100013F01A07A803A803A8032D049804A80309
:103A2000A803A803A803A803A803A803A803A8033E
:103A3000A803A803A803A803A803A803A803A8032E
:103A4000A803A803A803A803A803A803A803A8031E
:103A5000A8031A07A803A803A8032D0498044B4A37
:103A60000F951BF020010E9800F07781073020F0B1
:103A70000700416850F8083B1BF0010500F07A810F
:103A800053EA010500F0F58130258DF88C500025B2
:103A90008DF88B50089D8DF88DA0002DC0F2998176
:103AA0002BF4906545F0020B03F00F05575D0BF00A
:103AB00002050E901B0943EA0173080953EA11112C
:103AC0008DF8577118BF0DF2571100F0EF8703F012
:103AD0000F06965D1B0943EA0073000901F8016DAA
:103AE00053EA0006F3D10691069A56AB9F1A089B3B
:103AF0004FF0000CBB42B8BF3B46CDF834C0079333
:103B0000CDF858C0CDF84CC0CDF840C0002D3FF4E2
:103B1000C6A8DDE92B05079B2946023307931BF056
:103B20008403024607D1099EDDF81CE0A6EB0E08CF
:103B3000B8F1000F07DCBCF1000F3FF4CDA84FF047
:103B40000208FFF7B8B8022332E6114A0F9588E75A
:103B50000E928B46FFF773B90E900D4803F00F07D6
:103B6000022502464FF0780AC75D4BF0020BA1E731
:103B7000002A40F0D78256AB069317469DF88B304B
:103B80000792FFF771B900BFCC890008B088000820
:103B90009C8800082AAADDE90B0100F0ABFF002891
:103BA0007FF45CA82C9D2DACFFF7EDB940210B985C
:103BB000FEF79AFC0C9B18601861002800F07B87C8
:103BC00040230C9A5361FEF770BF069801F0ECF9A0
:103BD0009DF88B3020EAE07207460792002B7FF4B5
:103BE00032AACDE90D350893169313931093FFF77E
:103BF00056B8B8F1100F2B9B40F31282DDE90B7A17
:103C00004FF01009B04E06E00834A8F11008B8F1E2
:103C1000100F40F3068201331035072BC4E9006909
:103C2000CDE92B35F0DD514638462AAA00F062FF77
:103C300000287FF413A8DDE92B352DACE5E7129AB7
:103C4000139813440028294608935546CDF874B0BC
:103C50002246DDE90BAB9C4F1C9BDDF86C90DDF838
:103C6000588031DDB8F1000F40F30D8108F1FF38C5
:103C70001A981944C2E900032B982C9101300728A7
:103C80002B9000F399800832089C99F80000641B7F
:103C90008442A8BF0446002C0CDD2B98214401303F
:103CA0000728C2E900542C912B9000F3118199F858
:103CB00000000832002CB4BF0646061B002E14DCA0
:103CC000054413980028CDDCB8F1000FCEDCAA46DD
:103CD0001446069B129A0D4613449A4528BF9A46ED
:103CE000DDF874B0CDF86C9007E5102E2B9840F3FA
:103CF0004D8610951024354616933E4604E0103D3F
:103D0000102D02F1080215DD013010310728C2E93B
:103D10000074CDE92B01F2DD594650462AAA00F085
:103D2000E9FE00287EF49AAFDDE92B01103D102D4D
:103D30002DAAE9DCB446169B2E46109D0130314475
:103D40000728CDE92B01C2F800C0566000F30783B5
:103D500099F8000008320544B3E71BF0100550F84D
:103D6000043B7FF489AE1BF0400700F03C812946FC
:103D70009BB281E68DF88B50089D002D2BDB53EA1A
:103D800001052BF4906B7FF48FAE0899002900F0A9
:103D9000D98013780129B8BF01218DF8573100234C
:103DA0000DF2571201270E900D930791069216936C
:103DB00013931093FEF773BF594650462AAA1093E7
:103DC00000F098FE00287EF449AF2C99109B2DAA94
:103DD0005AE74BF0020B0E9003F00F000BF00205B8
:103DE000175C2BF4806B65E6012363602B9B374ADD
:103DF00001330135072B2C952B93226000F386812C
:103E00000834002940F0A280129A0BF001031343FA
:103E10003EF488AF179B189A1D44C4E900232B9BDE
:103E20002C950133072B2B9300F3008204F1080239
:103E30009DE0089B1F461693139310930D9356AB6A
:103E40000693FEF72CBF2AAADDE90B011D9300F0B3
:103E500051FE00287EF402AF9DF88B202C9D1D9B07
:103E6000002A00F0938098462DAC03462B98FEF76D
:103E700022BF0025089B8DF88B50AB42C0F2DE803C
:103E80002BF4906B81E7139809F1FF3901381390F7
:103E9000EEE62AAADDE90B0100F02CFE00287EF4F4
:103EA000DDAE2C9D2DACFFF75CB8069A56AB9F1A81
:103EB000089B0021BB42B8BF3B460D91079316916A
:103EC00013911091FEF7EBBECC890008CC88000856
:103ED000594650462AAA109300F00CFE00287EF4A2
:103EE000BDAE99F800002C99109B2DAAE2E62AAAF3
:103EF000DDE90B0100F0FEFD00287EF4AFAE2C9D45
:103F00002DACFEF7F8BE0E9A0A9912681160FFF701
:103F1000DBB8BD4F03F00F0C3A4602254FF0780A8C
:103F200017F80C70C5E5089FB84A062F28BF06276A
:103F30000E95079708930D9306921693139310937B
:103F4000FEF7ADBE089B0E90FFF783BA179B189A39
:103F50001D44C4E900232B9B2C950133072B2B9385
:103F600000F3648104F108020029C0F2D0830699AD
:103F7000013311601299072B0D44CDE92B355160A7
:103F80003FF7DDAA02F10804FEF7CCBE002B00F0DB
:103F9000E58013462B982DACFEF79EBE984608F19F
:103FA00001082544B8F1070FCDE92B85C9F8006059
:103FB000C9F804407FF70DAB61E41BF4007100F019
:103FC0001F8101460E925846DBB2FFF76CB91BF415
:103FD000007F14BF45F3C0184FEAE578434618BF89
:103FE0006DB2FEF720BF1BF400711CBF3946DBB277
:103FF00042E51BF4007840F0F98008991D4600293D
:104000008DF88B80FFF68AA82BF0800B002B7FF4B5
:1040100085A80B460E9200297FF4FBA9FFF719BA79
:104020007B4E01334544072BCDE92B352660C4F880
:10403000048000F308810834FFF757BB13780E9013
:104040008DF857310DF257132BF4806B06934BE527
:104050001C9A1A99ACEB0204204600F0AFFE9AF8C5
:1040600001300BB10AF1010A4FF0CC310127694A46
:1040700015EB080343F10003A2FB030E2EF003002F
:1040800000EB9E001B1AEB1A03FB01F168F100081C
:10409000A3FB023002FB0811FB40014443EAC17557
:1040A00021FA07F815EB080343F10003A2FB031004
:1040B00020F0030101EB90015B1AEB1AA3FB023124
:1040C00068F1000002FB0012FB4043EAC27303EBFD
:1040D0008303A5EB4303303304F1FF3C04F8013CB8
:1040E000FFF773B82D238DF88B300423BAF1470FF7
:1040F0004FF003070D95079340F39680464B0693C8
:104100000895169513951095FEF7C9BD2AAADDE905
:104110000B0100F0EFFC00287EF4A0AD24992C9D4B
:104120002DAC6EE63023FEF792BE089B56AA1F46C2
:104130004FF0780A9C460E901393109316930793B2
:1041400006920D93E5E4DDF818809F1A9844A8EBD9
:104150000A08B845A8BFB846FFF7FEBA2DACFEF76F
:10416000CABD089B0B9801930223009328AB0493CC
:1041700025AB039324AB0293DDE91E2301F018F86D
:1041800006901BF0010F40F0A582069A289B9B1A0F
:10419000249A1293D11C1092C0F21F820899914266
:1041A000C0F2F081934200F3EB82109F1BF4806F0A
:1041B00003D0109B002B00F38C83B3464FF0670AAB
:1041C00027EAE77307930023169313930BF0020576
:1041D000B8F1000F00F0B9804FF02D0C8DF88BC0B6
:1041E000079B01330793002308938FE4DDB2089BFC
:1041F0008846002B8DF88B10BEF68BAFFEF78EBF76
:1042000058460E92FFF74FB89C880008C4880008F3
:10421000CC890008CDCCCCCC908800080E9A0A99A5
:1042200012681180FEF750BF934B68E72AAADDE9B8
:104230000B0100F05FFC00287EF410ADDDE92B35AA
:1042400024992DAA90E62AAADDE90B0100F052FC80
:1042500000287EF403AD2C9D2DACFFF746BA062353
:104260000D9008934BF48076FFF7C0BB0223089AA9
:1042700001321292009328AB129D049325AB039355
:1042800024AB019502930B98DDE91E2300F090FF0B
:104290002AF02009B9F1460F069005447BD0DDE9EC
:1042A0001E0100220023FCF7CDFB002840F05083C4
:1042B000289BAB4238BF4FF0450980F04683302140
:1042C0005A1C28921970289BAB42F9D3069AB9F16F
:1042D000470FA3EB02031293249B109300F04B8132
:1042E000B9F1460F74D0109B8DF898A0013B002BBC
:1042F0002493C0F279812B22092B8DF8992000F3A9
:104300007C8130228DF89A200DF19B02303302F827
:10431000013B26ABD31A1993129B199A012B03EB7D
:10432000020740F38082179B1F442BF4806343F401
:10433000807B002327EAE77216930792139310936A
:1043400044E7089B1293032394E79DF88BC0BCF1CC
:10435000000F7FF445AFCDF82080FFF7D7BB59465B
:1043600050462AAA109300F0C5FB00287EF476ACD4
:1043700099F800002C99109B2DAA0544A1E42AAAC3
:10438000DDE90B0100F0B6FB00287EF467AC2C9D44
:104390002DACFFF79FB9069B1B78302B00F06F8286
:1043A000249B1D440022DDE91E010023FCF74AFB8B
:1043B000002840F0D680289BAB4280D3069AB9F102
:1043C000470FA3EB02031293249B109300F0D380BA
:1043D0001099089A0BF00103002943EA020340F305
:1043E000F582002B40F0B7824FF0660A109F1BF455
:1043F000806F40F0708227EAE773B3460793E2E6E6
:1044000047F63003ADF88C30089B4BF0020B632B62
:1044100000F3D181DDE91412002AC0F20982DDE93E
:10442000140124AA00F0EEFD00224FF07F53FCF7A8
:10443000A1F802460B46CDE9102300230022FCF729
:1044400001FB0346002800F0B982012324933DAB11
:10445000CDF834800693094B0793089B069D08947A
:10446000CDF848A0CDF84C80AA46DDE91045DDF82E
:104470001C8003F1FF390BE08C8800089C88000841
:1044800000220023FCF7DEFA002840F06A82B146E1
:104490000022B54B20462946FCF76CF80D46044631
:1044A000FCF718FB0746FBF7FBFF02460B462046CE
:1044B0002946FBF7A7FE18F80730B9F1FF3F52462F
:1044C00004460D4609F1FF360AF8013BD8D11646DD
:1044D000A64B0022CDE910455546DDE912A8089CFF
:1044E000FCF7D8FA40B9DDE9100100229F4BFCF738
:1044F000A9FAD8B1F80719D5079B2896D97B15F8E2
:10450000012C2B46914209D1302003F8010C289B45
:104510005A1E289213F8012C8A42F6D0392A0BBF72
:10452000079A0132927AD2B203F8012C069B249AA0
:10453000EB1A1293BAF1610F02F1FF33249300F0EA
:10454000F88150214FF0410A002B8DF89810C0F2ED
:10455000E7812B22092B8DF899204EDC0DF19A0270
:10456000D4E6249B1093069BB9F1470FA5EB0303F8
:1045700012937FF42DAF109B03332EDB089B109A10
:10458000934210DA109BAAF1020A013B002B8DF82E
:1045900098A02493BFF6AFAE2D22109B8DF89920E2
:1045A000C3F10103ADE6129B109A934200F3E88039
:1045B0001BF0010F3FF4F9AD109B179A9F18F5E51A
:1045C0002AAADDE90B0100F095FA00287EF446AB3B
:1045D000249A2C9D2DACFFF7A5B8109BAAF1020AD6
:1045E000013B8DF898A024932D22109B8DF89920E3
:1045F000C3F10103092B7FF784AE0DF1A70C6246CE
:10460000DFF86CE11D461046AEFB0321C90801EB43
:104610008102A3EB42023032632D00F8012C0B46DD
:1046200000F1FF32EEDC303302F8013C831E6345BB
:1046300080F008820DF1990213F8011B634502F81E
:10464000011FF9D103F5AC736B44BC3B1B1A26AABE
:104650009B1A199360E6474EFFF7DBB80E95002BC7
:1046600000F0C080089B1F46013307930D9B089301
:10467000169313931093FEF712BB45F63003ADF873
:104680008C30089B4BF0020B632B00F39480DDE928
:104690001412002AC0F2CC80DDE9140124AA00F033
:1046A000B1FC00224FF07F53FBF764FF02460B463C
:1046B000CDE9102300220023FCF7C4F908B101233F
:1046C00024934FF000082C4BCDF8348007933DAB7A
:1046D0000693C2E6069B089A4FF047099D1861E6CB
:1046E0002AAADDE90B0100F005FA00287EF4B6AA3B
:1046F000249F129B2C9D2DACDF1BFFF72DB80023B0
:104700000D460893FEF706BA1A4EFEF7B6BFC1F182
:104710000008103141DADDE90B791024174E05E06D
:104720000832A8F11008B8F1100F37DD0133103549
:10473000072BC2E90064CDE92B35F1DD4946384647
:104740002AAA00F0D7F900287EF488AADDE92B35E3
:104750002DAAE6E75B46FEF78EBE5846FFF7FBB88C
:104760005946FEF743BE00BF000030400000E03F66
:10477000CDCCCCCCDC890008B0880008CC890008FE
:10478000129B179A9F18109B002B40F3D4804FF078
:10479000670A2CE6AE4EFEF7BBBEAD4E0133454474
:1047A000072BCDE92B351660C2F8048000F3178182
:1047B0000832FFF7DCBB089B0B98591CFDF794FEF1
:1047C0000690002800F08D81069B4BF480760D93B7
:1047D000FFF70CB903F100434FF02D081E911F9312
:1047E000FFF710B9089F079740E7089A002A00F0E2
:1047F000D180002BDDE91423C0F24681CDE91E23D0
:10480000089B0B9801930223009328AB049325ABDC
:10481000039324AB0293DDE91E2300F0C9FC0023BF
:1048200006900D93ADE41BF0010F3FF47EAD7AE5E9
:104830001346CDF834804FF02D081E9103F100434C
:104840003DA906911F9324AADDE91E0100F0DAFBC1
:1048500000224FF07F53FBF78DFE02460B46CDE959
:10486000102300220023FCF7EDF808B10123249364
:10487000BAF1610F3FF4EFAD764B0793EDE50022FF
:10488000DDE91E010023FCF7DDF8002800F0D280EE
:10489000249B10931D4466E6159B2BF0800B13F0B0
:1048A0000043109300F0B4802D2304228DF88B3048
:1048B0000023BAF1470F4FF003070D93079240F31F
:1048C000C480654A06920893169313931093FEF7DB
:1048D000E6B94FF0670A1B990B78FF2B00F0F380C5
:1048E0000025109A284603E001300131FF2B08D043
:1048F000934206DAD21A4B78002BF5D10B780135AA
:10490000F4E71B91109213901695169A139BB346D9
:1049100013441C9A02FB037727EAE773079355E4D5
:10492000C2F101032D22092B8DF899203FF765AEC6
:1049300014E6702108E6C3F101031F4427EAE77378
:10494000B3464FF0670A07933DE4069A9B1A129309
:10495000249B1093C7E4179B0A444FF0660AD718AC
:1049600045E5B9F1000F5546DDE912A8089CFFF6B0
:10497000DDAD2B46302009F101022A4403F8010B7A
:104980009342FBD105EB09035D1CCFE5DFF8C0C006
:10499000FFF7D4B9002B7EDB0123DDF820800893DC
:1049A000DDE914232AE7002304220327CDE90723A6
:1049B0000D93169313931093FEF771B99846274BF6
:1049C000CDF8348007933DAB069346E5B3469BB9DB
:1049D00001234FF0660A1F460793FFF7F4BB2AAA8C
:1049E000DDE90B0100F086F800287EF437A9DDE947
:1049F0002B352DAAFFF7BBBA179B089F03F10109BE
:104A00004F4427EAE7734FF0660A0793FFF7DBBBD3
:104A1000BAF1470FCCBF104A114A9DF88B3006926D
:104A2000002B54D103270893169313930D930797E4
:104A3000FEF735B9129BC3F101032493B1E4044E90
:104A4000FFF7ADBA0223199366E4054A3AE700BFBF
:104A5000CC890008B0880008988800089C88000865
:104A6000948800080E9B95F801A053F8042B0D467E
:104A70000E9342EAE2730893FEF74BB80D93169338
:104A800013931093FEF70BB903F100434FF02D0879
:104A90001E921F93B4E60121DDE9142303F10043C4
:104AA0004FF02D081E9208911F93A9E60DF257139F
:104AB0000693FFF719B80C230B9A13604FF0FF33DE
:104AC0000A93FEF7D6B80023169313931DE700232D
:104AD0000422032708930792169313930D93FEF76E
:104AE000DEB80C998B8943F0400213468A81FEF7A9
:104AF000BDB800BF2DE9F041154692682C68FAB1A7
:104B000007468846083402E013460834C3B16B6890
:104B10005E1E002B6E6013DD54F8046C002EF3D083
:104B200033464146384654F8082C01F027FF431C11
:104B300007D0AA680834921B1346AA60002BE6D15E
:104B400000200023C5E90133BDE8F081024A034992
:104B5000034800F0C9B800BF600500203D6A0008A6
:104B6000100000200C4B416810B59942044601D05A
:104B700001F064FFA168094B994202D0204601F080
:104B80005DFFE168064B994204D02046BDE8104025
:104B900001F054BF10BD00BF0C1C0020741C00208D
:104BA000DC1C00202DE9F84300250423304C314A59
:104BB0003149DFF8C890DFF8C880324F324E1160BB
:104BC00004F15C0029460822C4E90335C4E9005514
:104BD000C4E90555A5606566FDF7C0FA04F1580003
:104BE000C4E90749C4E90987E66200F087F9274B61
:104BF0002946082204F1C4006367C4E91A55C4E9D0
:104C00001E552567C4F8CC50C4F88050FDF7A6FAAD
:104C100004F1680304F1C000C4F88430C4E92298A8
:104C2000C4E9247600F06AF9194B294604F5967018
:104C30000822C4F8DC30C4E93455C4E93855C4F856
:104C4000D850C4F83451C4F8E850FDF787FA04F19D
:104C5000D003C4E93D87C4F8F09004F59470C4F81B
:104C6000FC60C4F8EC30BDE8F84300F047B900BF81
:104C70000C1C0020441D00204D4B00082D4D000849
:104C8000514D0008914D0008B54D00080900010084
:104C90001200020010B504460A4800F033F9636BB5
:104CA00023B9094B094A1B68626323B1BDE8104070
:104CB000044800F029B9FFF775FFBDE8104001482E
:104CC00000F022B94C1D0020441D0020654B000857
:104CD000014800F017B900BF4C1D0020014800F04A
:104CE00013B900BF4C1D00202DE9F8434FF0000917
:104CF00080460F461646D6E90154013D10D4A389DB
:104D0000012B08D9B4F90E30013304D021464046B6
:104D1000B84749EA0009013D6B1C04F16804EED173
:104D20003668002EE7D14846BDE8F88310B50C463A
:104D3000B1F90E1000F0A4F8002803DB236D034442
:104D4000236510BDA38923F48053A38110BD00BF48
:104D50002DE9F0410C46B1F90C101F46CB05054674
:104D600016460BD421F48051A1813B463246284699
:104D7000B4F90E10BDE8F04100F0AAB8B4F90E1075
:104D80000223002200F066F8B4F90C10EAE700BF35
:104D900010B50C46B1F90E1000F05CF8B4F90C3007
:104DA000421C0EBF23F4805343F480532065A3813B
:104DB00010BD00BFB1F90E1000F03AB840EA01038F
:104DC0009B0710B524D1032A22D98E468446DEF8EB
:104DD00000407146A4F1013323EA040313F0803F3D
:104DE0000EF1040E15D1043A032A4CF8044BEED808
:104DF000714601F1FF3E52B163461EF8011F541E79
:104E000003F8011B41B122469C46002AF4D110BD93
:104E1000844601F1FF3EEEE79444002CF7D003F8FE
:104E2000011B6345FBD110BD004870475C060020A4
:104E3000002238B5064D044608462A60FBF77AFF83
:104E4000431C00D038BD2B68002BFBD0236038BD3D
:104E5000D41B002038B50C46114600228446074D6D
:104E600020462A601A466446FBF788FF431C00D0A0
:104E700038BD2B68002BFBD0236038BDD41B00202D
:104E800038B50C46114600228446074D20462A605C
:104E90001A466446FBF77EFF431C00D038BD2B68E2
:104EA000002BFBD0236038BDD41B0020002238B576
:104EB000064D044608462A60FBF784FF431C00D0D9
:104EC00038BD2B68002BFBD0236038BDD41B0020DD
:104ED00038B50C46114600228446074D20462A600C
:104EE0001A466446FBF762FF431C00D038BD2B68AE
:104EF000002BFBD0236038BDD41B0020704700BFBF
:104F0000704700BF704700BF704700BF082802D13C
:104F10004FF48050704708B501F02AFF162203466F
:104F20004FF0FF301A6008BD30B586468007CCB21E
:104F300015D0F4460EEB020507E0634613F8011B9B
:104F4000A14206D0990705D09C4665456046F4D13C
:104F5000002030BD013A72449E46A2EB0C02032AA7
:104F60000CD8002AF4D07346724401E09A42EFD084
:104F7000184613F8011BA142F8D130BD714604EB6D
:104F8000042505EB05458E4651F8043B6B40A3F123
:104F9000013020EA030313F0803FE4D1043A032AEE
:104FA000F1D88E46DDE700BF20F0030110F00300CA
:104FB000C0F1000051F8043B00F1040C4FEACC0CA6
:104FC0006FF000021CBF22FA0CF213434FF0010CE9
:104FD0004CEA0C2C4CEA0C4CA3EB0C0222EA030228
:104FE00012EACC1204BF51F8043B0430F4D0C2F1F1
:104FF000000102EA0102B2FA82F2C2F11F0200EBE2
:10500000D2007047F8B50027DFF858C021F0004300
:10501000634504460D46176021D8844653EA0C0CBC
:105020001DD0DFF844C0164601EA0C0C0A46BCF15C
:10503000000F09D100220D4BFBF79CFA6FF03507EA
:1050400004460A4621F000431B156FF31E52A3F2DB
:10505000FE333B4442F07F55336045F40015204653
:105060002946F8BDFFFFEF7F0000F07F00005043AE
:105070002DE9F04F03690C6985B0A342C0F291801D
:105080008146013C01F1140509F1140855F824305A
:1050900058F824C001339C45BCFBF3F64FEA84006A
:1050A00005EB840708EB840243D34FF0000CAA46BB
:1050B000CDE90105C646634665469346CDF80C80AA
:1050C0005AF8040BDEF800201FFA80FC06FB0C5592
:1050D0004FEA10484FEA154C06FB08CCADB290B22F
:1050E000401B18441FFA8CF3C3EB204303EB12431D
:1050F00080B240EA034057454EF8040B4FEA1C4586
:105100004FEA2343DCD2DDE90105DDF80C8058F8D5
:10511000003073B9ABF10402904504D307E0904529
:1051200004F1FF3403D252F80439002BF7D0C9F848
:105130001040484601F0F4FA00282EDB41460022D8
:1051400055F8040BD1F800C01FFA80FE1FFA8CF34B
:10515000A3EB0E031344020CC2EB234202EB1C42EE
:105160009BB243EA0243AF4241F8043B4FEA22427A
:10517000E6D258F8242008EB84036AB9043B43457F
:1051800004D807E0984504F1FF3403D253F804290A
:10519000002AF7D0C9F810400136304605B0BDE806
:1051A000F08F002005B0BDE8F08F00BF00000000C8
:1051B0002DE9F04F16461F46816B9FB00446CDE99E
:1051C00004672B9D41B10123C26B93408B604A6001
:1051D00001F02CF80023A363B7F10009B4BF012349
:1051E00000232B60B44BBCBF29F00049CDF81490CC
:1051F00033EA090300F0A480DDE9042310461946D0
:1052000000220023CDE90201FBF71CFC824668B1B5
:1052100001232A9A13602C9B13B1A84B2C9A13607C
:10522000A74B079307981FB0BDE8F08F1CAB019305
:105230001DAB00932046DDE9022301F043FB5FEA4A
:105240001955DDF87080099040F090801D9D45440F
:1052500005F23243202B40F32D82C3F1400309FABB
:1052600003F905F2124326FA03F349EA0300FBF7B8
:1052700007F90123013D1093A1F1F87319460022AB
:10528000904BFAF7BFFF86A3D3E90023FBF772F92F
:1052900085A3D3E90023FAF7B7FF064628460F4651
:1052A000FBF7FEF882A3D3E90023FBF763F902467C
:1052B0000B4630463946FAF7A7FF06460F46FBF77E
:1052C00009FC002281460890002330463946FBF74E
:1052D000C3FB002840F01581A8EB0508089D08F1E4
:1052E000FF3B162D00F2F880DDE90201764A02EB61
:1052F000C503D3E90023FBF7AFFB002840F0D481BE
:10530000B8F1000F0D9040F38A85AB440C950A90DC
:1053100000230B93289B092B3CD8052BC4BF043BCF
:105320002893289BC8BF0025A3F10203D8BF0125FD
:10533000032B31D8DFE813F0ED02EA02DF02C701E8
:1053400042F20F732A9AC9F3130959EA0609136046
:1053500019D12C9B002B00F02E875C4B0793083350
:105360002C9A079813601FB0BDE8F08FDDE90201A9
:10537000C1F3130343F07F53CDF840A0A5F2FF35EE
:1053800043F440137AE72C9B002B40F09881504B5C
:10539000079347E700232893002520462946E56325
:1053A00000F01EFF0790002800F0AE86079BA36365
:1053B0001D9B002BC0F2B380089A0E2A00F3AF8029
:1053C000DDE90289404B404603EBC203D3E90067A5
:1053D000494632463B46CDE90467FBF7F5F9FBF752
:1053E00079FB0546FBF75CF832463B46FBF7C2F813
:1053F0004FF0FF3A0B46024649464046FAF702FF95
:1054000005F13003079D05F8013B02944FF00109B7
:105410005446DDE904AB1DE052465B463046394652
:10542000FBF7D2F9FBF756FB8046FBF739F85246FB
:105430005B46FBF79FF809F101090B460246394626
:105440003046FAF7DFFE08F13003A14505F8013BCD
:1054500000F0428500221F4BFBF78CF8002200234E
:1054600006460F46FBF7EEFA0028D5D0AB46089F5C
:10547000029C01372046099900F0D8FE00238BF8E2
:1054800000302A9B1F602C9B002B3FF4CBAE07986B
:10549000C3F800B01FB0BDE8F08F00BFAFF30080CD
:1054A00061436F63A787D23FB3C8608B288AC63F2A
:1054B000FB799F501344D33F0000F07FCD88000854
:1054C000CC8800080000F83F208A0008D088000837
:1054D000DC8800080000244001230D93BBF1000F7D
:1054E000C0F2DC8000230A93089B002B80F2D3805B
:1054F0000A9A089BD21A0A9200225B420C920B93E2
:1055000008E74846FAF7CCFF32463B46FBF79AFAE3
:1055100000287FF4E1AE09F1FF330893DCE64FF099
:10552000FF3A2995CDF850A0109A002A40F0F48156
:105530001C9B0B9FC3F136030A9A01212046D51804
:105540009B4400F037FF0A9A0646002A40F0828307
:105550000B9B002B00F0F683002F40F0DA832046EF
:105560000B9A099901F008F8012309900B93012186
:10557000204600F01FFF0C9B0290002B40F004839C
:10558000289B012B40F38C830120584410F01F000E
:1055900000F0CA81C0F12003042B40F39A830A9BD8
:1055A000C0F11C00034405440A938344002D05DD2B
:1055B0002A462046099901F03FF80990BBF1000FF7
:1055C00005DD5A462046029901F036F802900D9BFF
:1055D000002B40F0EF82BAF1000F40F3B0820B9B3A
:1055E000002B40F0FC81089F01370125DDF81C806D
:1055F000DDF824B0DDF8089007E0594600230A22C0
:10560000204600F01DFE8346013549465846FFF707
:105610002FFD554500F1300008F8010BEDDBBAF124
:10562000000F0AF1FF35D8BF0025079B81465A1CA1
:1056300005EB020A0025CDF824B001220999204685
:1056400000F0FAFF0299099001F06AF8002840F38F
:105650007C83079A02E0924500F082831AF8013CAD
:10566000D346392B0AF1FF3AF5D001338AF80030DE
:105670002046029900F0DAFD002E3FF4FBAE2DB17A
:10568000B54203D02946204600F0D0FD31462046E1
:1056900000F0CCFDEEE69B440C9339E6C8F1010323
:1056A0004FF0000B0A931FE7089B013B0893002370
:1056B0000D9313E7C3F1200306FA03F0D7E59E4BE1
:1056C000079303334CE601231293299B089A134452
:1056D00003F1010A5646012EB8BF01261493172E76
:1056E00040F36085012204235B0003F11400B04203
:1056F000114602F10102F7D9E163204600F070FD86
:105700000790002800F00085BAF10E0FA06300F2A8
:105710002181002D00F01E81089A002A40F3568353
:10572000864902F00F0301EBC303D1054FEA2215AE
:10573000D3E9006740F1EE83DDE90201804B4FF0D1
:105740000309D3E90823FBF73FF8CDE90E0105F083
:105750000F0585B1DFF8E881EA0740F1E180F8E85C
:10576000022330463946FAF705FF6D1006460F460C
:1057700009F10109F0D1DDE90E0132463B46FBF7A4
:1057800023F8CDE90E010D9B53B1DDE90E67002230
:10579000304639466B4BFBF75FF9002840F06E84CA
:1057A0004846FAF77DFEDDE90E23FAF7E3FE002214
:1057B000654BFAF729FD0646A1F15077BAF1000FC3
:1057C00000F0E182089BCDF854A01B935B4B159928
:1057D0001A9303EBC10353E90212CDE91867DDE91F
:1057E0000E56CDE9161228463146FBF773F900F143
:1057F00030035FFA83F8FAF753FE0B460246314650
:105800002846FAF7FFFC079B0F4612995D1C0646D7
:105810000E95002900F0B183DDE9162300204B49E5
:10582000FAF7D2FFDDE91823FAF7ECFC02460B4643
:10583000DDF81CC0CDE912238CF8008032463B46CF
:10584000FBF728F9002840F06D84DDF85480CDF88E
:1058500058B0CDF854A04FF00009DDE912AB0E941A
:105860002BE009F10109C14580F2D081504659462B
:105870000022374BFAF77EFE0022354B82468B46DC
:1058800030463946FAF776FE0F460646FBF722F910
:105890000446FAF705FE02460B4630463946FAF74B
:1058A000B1FC303452465B4605F8014B06460F46C4
:1058B000FBF7D2F8002840F0348432463B46002003
:1058C0002049FAF79FFC52465B46FBF7C5F80028D3
:1058D000C7D01B9E0E9C079A013602E0954200F04D
:1058E000F583AB4615F8013D392BF7D00133DBB218
:1058F00037462B70BEE501231293299B002B40F302
:10590000B881299B9A461E461493E8E60023129319
:10591000DBE600231293F0E70B9F03F233430BE621
:105920006D1008F1080817E71C230A9A1D441A4451
:105930000A929B443AE600BFDC880008208A0008EF
:10594000F88900080000F03F00001C400000E03F24
:10595000000024401D9B002BC0F24881089A0E2AAB
:1059600000F34481A74B1A93089A1A9B03EBC203D6
:10597000D3E90023CDE90423299B002B80F2D182B7
:10598000BAF1000F00F3CD8240F01682DDE9040188
:1059900000229D4BFAF7EEFD02460B46DDE90201BF
:1059A000FBF764F85146002840F007823123DDF808
:1059B0001CB020460BF8013B00F038FC089F023772
:1059C00058E5314600230A22204600F039FC149B9A
:1059D0000646002B40F3E083DDF850A008950A9BB3
:1059E000002B05DD31461A46204600F025FE06460E
:1059F0000C9B002B40F05982B046079B03F1FF3B04
:105A00001D460BEB0A030A93049BDDF824B003F058
:105A100001030B9302995846FFF72AFB3146824651
:105A2000584600F07DFE029907464246204600F0A7
:105A300097FEC36801460AF13009002B36D1099060
:105A4000584600F06DFE09990990204600F0EEFBE3
:105A5000099B002B58D1289B1BB90B9B002B00F0F6
:105A60008483002FC0F24D83AA460A9B0AF8019B4B
:105A70009D4200F07A82594600230A22204600F017
:105A8000DFFB4645834631464FF000034FF00A02E4
:105A9000204633D000F0D4FB414600230A220646BC
:105AA000204600F0CDFB55468046B3E72046CDF8B2
:105AB00024B000F0BBFB002F06DB049B03F00102C7
:105AC000289B1F433A432CD101220999204600F01C
:105AD000B3FD0299099000F023FE002840F32983CA
:105AE000B9F1390F00F0F5820AF13109AB46089F90
:105AF0003546013746460BF8019BB9E500F0A0FB9F
:105B000055460646804685E7002FC0F20483289A52
:105B100017430B9A174300F0FE82002BA4DDCDF84B
:105B200024B0B9F1390F00F0D482AB46089F09F1D7
:105B300001033546013746460BF8013B98E5289BA3
:105B4000022B7FF74CADBAF1000F40F09081534625
:105B500005220299204600F073FB01460290099845
:105B600000F0DEFD002840F382813123DDF81CB017
:105B7000204602990BF8013B00F058FB089F0237C2
:105B8000002E7FF483AD75E41A460146204600F0EE
:105B9000F3FC289B0290012B40F37A8100230C93A5
:105BA000029A136902EB8303186900F09BFBC0F1B2
:105BB0002000EAE40299099800F0B2FD0028BFF63F
:105BC0000AAD00230A2220460999089D00F038FBFF
:105BD0000B9B013D0990002B7FF4F3AE149B002B2F
:105BE00040F3CF82089FDDF850A0FEE4129ABAB9C4
:105BF0000A9B002B72D10B9B002B40F080801D462E
:105C00001E46B4E4208A0008000014401D9B0E9C30
:105C1000002BDDE915AB03DB089A0E2A7FF7A4AE53
:105C2000289A012A7FF780AC0B9B0AF1FF37BB4211
:105C3000C0F2FD80BAF1000FA3EB070780F29E824D
:105C4000012120460A9D00F0B5FB0646A5EB0A0897
:105C5000CDF82880BBF1000F7FF77AAC0A9A5A453D
:105C60001346A8BF5B46D21AED1A0A92ABEB030BA0
:105C70006EE400212046E16300F0B2FA07900028AC
:105C800000F04282079BA363002D40F0FD801D9B26
:105C9000002BC0F2638201229246149229925DE6A3
:105CA000049B002B7FF470AC059BC3F31303002B04
:105CB0007FF46AAC059B23F000431B0D1B05002BF2
:105CC0003FF462AC0123013518460BF1010B0C9334
:105CD0005BE43FF46BACC0F13C0326E6BBF1000F84
:105CE00000F0B3810A9A0B9E5A451346A8BF5B4643
:105CF000D51AABEB030B0A95002E3FF438AC2046C7
:105D00000B9A099900F038FC002609900B960A9D21
:105D10002DE431463A46204600F02EFC0646DDF8DA
:105D2000248031464246204600F072FB41468046C0
:105D3000204600F07BFA0B9BCDF82480DB1B0B93F5
:105D40007FF40DAC01230B9311E403D119F0010F83
:105D50007FF47FACD3461AF8013D302BFAD087E4AC
:105D60003123079A0137137082E44846FAF798FB0B
:105D7000DDE90E23FAF7FEFB0022B64BFAF744FAF0
:105D80000646A1F150770022DDE90E01B24BFAF789
:105D900039FA32463B4680468946FAF77BFE0028B0
:105DA00040F0A28140464946324607F10043FAF7E7
:105DB00053FE00283FF4CEAD0021204600F036FA15
:105DC000299BDDF81CB05F42FFF754BB00F04E8109
:105DD000DDE90201089BA14A5D4205F00F0302EBD9
:105DE000C303D3E90023FAF7C5FB2D114FF00209D5
:105DF000CDE90E013FF4C7AC994EEB070CD5DDE9B8
:105E00000E01F6E80223FAF7B5FB6D10CDE90E019D
:105E100009F10109F1D1B6E46D100836EDE7C8F1DA
:105E200001030A93089B9B460C93FFF771BA0B9BE7
:105E30000C9ADDF82880FB1A1A44012120460C92A6
:105E400000F0B8FA43460646D34408EB0A050B9720
:105E5000002B3FF484AB0A9A5A451346A8BF5B4611
:105E6000D21AED1A0A92ABEB030BFFF778BB204670
:105E7000029900F0DBF9299BDDF81CB05F42002E8F
:105E80007FF404ACFFF7F6BAAA461495299543E4CB
:105E9000049B002B7FF482AEDDE90412C2F31303EE
:105EA000002B00F04D810C917AE62046716800F0DD
:105EB00097F90546002800F08281336906F10C014C
:105EC00002339A000C30FAF723F9012229462046C2
:105ED00000F0B2FB804690E5029C02460B46FAF7C2
:105EE00093F9DDE90423089F824601378B463E463D
:105EF000FAF7D0FD48B9DDE9042350465946FAF7D0
:105F0000A1FD20B118F0010F01D0079AE9E4AB46DA
:105F1000FFF7B0BADDE902234FF00209CDE90E2305
:105F200017E4079B01330E93DDE90256DDE90423F4
:105F300028463146FAF748FCFAF7CCFD8046FAF7D6
:105F4000AFFADDE90423FAF715FB02460B462846B3
:105F50003146FAF757F9079A08F13003BAF1010F01
:105F60000E9D13707FF451AAB7E7089F3546CDF810
:105F700024B046460137FFF760BBDDE91823DDE9B1
:105F80001601FAF7F7FA079BCDE9100183F80080B4
:105F9000159B012B23D0079B159ADDF8388003EB66
:105FA000020900222F4B30463946FAF7E3FA0F4632
:105FB0000646FAF78FFD0546FAF772FA02460B46D7
:105FC00030463946FAF71EF9303508F8015BC84506
:105FD00006460F46E5D10E9B5D1E159B1D44002213
:105FE000DDE91089204B40464946FAF70DF9324663
:105FF0003B46FAF731FD002840F0968042464B467A
:1060000000201949FAF7FEF832463B46FAF742FDFE
:1060100080B91D9B002BFFF6EBAD089B0E2B3FF7C5
:10602000E7AD1A9B089A03EBC207D7E90023CDE935
:10603000042379E715F8013CAB46302B05F1FF3519
:10604000F8D01B9F0137FFF715BA0B9E002E7FF487
:1060500056AE5CE600001C4000001440208A000898
:10606000F8890008000024400000E03FDDE9022339
:106070004FF00209CDE90E23FFF785BBBAF1000FFF
:106080003FF473AE149D002D7FF764AC089B30463F
:10609000013B394600221B934C4BFAF76BFA024640
:1060A0000F46164609F10100CDE90E67FAF7F8F937
:1060B00032463B46FAF75EFA0022454BFAF7A4F85F
:1060C00015950646A1F15077FFF780BB31230136C5
:1060D0000EE4AA463923089F3546079A46460137FB
:1060E0000AF8013BFFF7BABA3123DDF81CB00021F2
:1060F00020460BF8013B00F099F8089F0237FFF7A4
:10610000B9B9CDF824B0F1E4002240F2AF11314B1F
:10611000314800F033FE002BCDF824B03FF7D4AC6B
:10612000E4E40E9CAB468CE71B9E079A0136FFF712
:10613000D8BB7FF4DBAC19F0010F7FF4D1ACD5E410
:10614000059B23F000431B0D1B05002B3FF427ADDF
:10615000012301350BF1010B0C9321E5129B2BBBA5
:1061600001239A461493299342E5B9F1390FCDF8EA
:1061700024B0AED0002F3FF7B7ACB7E45346FFF7DB
:10618000DBB9289A022A03DC9A46089FFFF72DBA4A
:106190000895DDF850A0D6E4289A0895022AF8DC84
:1061A0009A461CE40021E163FFF7A7BA129B9A46C6
:1061B0002993149338E5094B0793FFF733B8024648
:1061C00040F2EF21034B044800F0D8FD00002440CA
:1061D00000001C40E0880008F4880008D08800080F
:1061E00038B5436C05460C464BB153F8240080B1DA
:1061F000026843F824200023C0E9033338BD21227C
:10620000042100F0DBFD034668640028EDD1002086
:1062100038BD0121284601FA04F56A1D920000F0FC
:10622000CDFD0028F3D0C0E90145E4E731B1436C6E
:106230004A6853F82200086043F82210704700BFF4
:106240002DE9F0414FF0000E0E461C460D69074641
:1062500001F1140001680EF1010E8BB202FB034341
:10626000090C4FEA134C02FB01CC9BB203EB0C432D
:10627000754540F8043B4FEA1C44EBDC3CB1B36885
:10628000AB4207DD06EB850301355C6135613046C5
:10629000BDE8F081716838460131FFF7A1FF804603
:1062A000A8B1326906F10C01023292000C30F9F704
:1062B0002FFF7B6C726853F82210316043F8226024
:1062C000464606EB850301355C613561DFE7024632
:1062D000BA21024B024800F051FD00BFE0880008DF
:1062E00038890008B0F5803F03463ABF102083404C
:1062F0000020B3F1807F3CBF1B020830B3F1805F08
:1063000006D3B3F1804F0FD29A0012D403307047F6
:106310001A01B2F1804F00F1040006D29B0108D4AB
:106320005B00F3D4202070471A46002AFBDB0130C3
:1063300070470230704700BF03680246590709D012
:10634000D8071FD499074BBF5B089B080120022088
:106350001360704799B279B91B0CD9B2A1B1102062
:10636000190701D104301B09990712D0D90701D4AC
:1063700001305B0813607047D9B241B1180714D1DE
:106380000420F0E70020704718201B0AE8E70820E7
:10639000FBE713F0040F4FEA930102D00B460230E3
:1063A000E8E7DB0804D1202070470320C340E1E781
:1063B0000330DFE738B5436C04460D464BB15868EF
:1063C000B0B102685A60002201234561C0E903238D
:1063D00038BD2122042100F0F1FC0346606400284E
:1063E000EDD1002240F24511074B084800F0C6FCF1
:1063F0001C220121204600F0E1FC0028F1D00122FE
:106400000223C0E90123DEE7E0880008388900089C
:106410002DE9F04FD1F8108015690E46A845924637
:1064200085B005DB2A46534645468A4690461E46B9
:10643000DAF80830DAF8041005EB0804A342B8BF14
:106440000131FFF7CDFE002800F08A8000F114072B
:1064500007EB840E774505D23B46002243F8042B18
:106460009E45FBD8143606EB88080AF11409464508
:1064700009EB850567D2A5EB0A03153B0AF1150A5E
:1064800023F00303AA4594BF9B464FF0000BCDF8C1
:1064900008E08246AE46039405E0090C2BD1B045D6
:1064A00007F104074CD956F8041B8DB2002DF4D027
:1064B000CC463C46002301965CF8040B216886B26A
:1064C0008AB205FB0622000C090C05FB00111A44D8
:1064D00001EB124192B242EA0142E64544F8042B34
:1064E0004FEA1143E8D8019E07EB0B02536056F8C0
:1064F000041C090CD3D000223B6848461D463C468C
:10650000944602889BB201FB02C202EB154243EAA9
:10651000024344F8043B50F8043B25684FEA134C0F
:10652000ABB201FB0C33864503EB12434FEA134C2D
:10653000E7D807EB0B02B045536007F10407B2D868
:10654000DDE902E45046002C02DC05E0013C03D00A
:106550005EF8043D002BF9D0046105B0BDE8F08F72
:1065600002464FF4B171024B024800F007FC00BF35
:10657000E08800083889000812F003032DE9F04193
:106580001446074632D10E46A4102CD03D6C002D87
:1065900035D004F001034FF0000864103BB92868BF
:1065A000B8B1054604F001036410002BF7D02A4669
:1065B00031463846FFF72CFF36B17B6C716853F8D3
:1065C0002120326043F8216074B106462868002813
:1065D000E7D12A4629463846FFF71AFF28600546C4
:1065E000C0F80080DEE73046BDE8F0810F4A013B8D
:1065F00052F823200023FFF723FE0646C4E70121BB
:106600003846FFF7EDFD054640B140F27123012207
:10661000C0E90423002338640360BAE7024640F26D
:106620004511034B034800F0A9FB00BFEC890008AB
:10663000E0880008388900082DE9F0470C462769F2
:10664000A36807EB62177D1C9D4290460646496889
:106650004FEA621904DD5B009D4201F10101FADCA1
:106660003046FFF7BDFD00284ED0B9F1000F00F114
:1066700014010CDD0B464FF0000C09F1050200EB94
:10668000820243F804CB9342FBD101EB89012269DA
:1066900004F1140318F01F0803EB820C2CD08E4673
:1066A0004FF0000AC8F120091A6802FA08F242EA1B
:1066B0000A024EF8042B53F8042B9C4522FA09FADF
:1066C000F2D8ACEB0403153B23F0030304F11502ED
:1066D000944538BF0023043341F803A0BAF1000FFA
:1066E00000D13D46736C6268056153F82210216049
:1066F00043F82240BDE8F087043953F8042B9C4549
:1067000041F8042FF9D8ECE702464FF4EF71024B41
:10671000024800F033FB00BFE08800083889000819
:1067200084460B690069C01A15D10CF1140C1431A0
:106730000CEB830210B401EB830301E0944508D213
:1067400052F8044D53F8041D8C42F7D004D24FF098
:10675000FF3010BC70477047012010BC704700BF6D
:106760002DE9F04F13690D698946ED1A002D144685
:1067700083B012D101F11407143202EB830207EB4C
:10678000830301E09F427BD253F8046D52F8041D4D
:106790008E42F7D07FD2012503E0FCDB00250C46BA
:1067A00091466168FFF71CFD00287FD000F11401BD
:1067B00088464FF0000C2769D9F8103004F1140B0B
:1067C000C56009F1140504F1100205EB830A0BEB17
:1067D000870ECDF804B055F8044B52F8046F1FFA39
:1067E00084FBB3B2A3EB0B03240C6344C4EB164449
:1067F00004EB23449BB243EA0443AA4548F8043B14
:106800004FEA244CE7D8AAEB0902153A22F003021A
:1068100009F11509CA4538BF0022DDF804B00BEBB9
:10682000020504350A44AE452C4602F104061DD982
:10683000A1EB0B01E24604EB010954F8042B93B2DF
:1068400063444FEA124808EB234802EB0A039BB269
:1068500043EA0843A6454FEA284CC9F80030E9D876
:106860000EF1FF32521B22F00302324423B952F8D8
:10687000043D013F002BFAD0076103B0BDE8F08F63
:106880000021FFF7ADFC50B101220023C0E9042331
:1068900003B0BDE8F08F23464C46994681E7024697
:1068A00040F23721054B064800F068FA024640F2F4
:1068B0004521024B024800F061FA00BFE088000861
:1068C00038890008F0B5012183B016461F46FFF74E
:1068D00087FC0546002845D0C7F30A54C7F31303C5
:1068E0000CB143F48013002E019314D101A8FFF7DB
:1068F00023FD0121019B20306B61296114B3089BAA
:10690000A4F2334404441C60099BC0F135001860B4
:10691000284603B0F0BD68460096FFF70DFDDDE99F
:10692000002330B1C0F1200103FA01F1C3400A4352
:106930000193002B0CBF012102216A61AB61296127
:10694000002CDCD105EB8102A0F232431069089AD9
:106950001360FFF7C7FC099BC0EB41101860284685
:1069600003B0F0BD024640F20F31024B024800F086
:1069700005FA00BFE0880008388900082DE9F047D3
:106980001D468F680C46AF4216460B6836D8B1F9E3
:106990000CC01CF4906F0ED13D46184631462A4675
:1069A00000F068F90020A368DF1B2368A7602B4470
:1069B0002360BDE8F0874A69096902EB42025F1A69
:1069C00002EBD2726B1C52103B44934292BF914631
:1069D00099461A461CF4806F804611D01146FBF789
:1069E00083FD824600B33A462169F9F791FBA389FA
:1069F00023F4906343F08003A38105E02F46CCE7A6
:106A000000F028FA824658B10AEB0703A9EB070702
:106A1000A760C4F810A02F46C4F814902360BCE708
:106A200040462169FBF76CFC0C22A3894FF0FF3034
:106A300043F04003C8F80020A381BAE770B50029ED
:106A40003FD006460C4610B1436B002B3CD0636E22
:106A5000B4F90C20DD0732D4900538D521463046F4
:106A600000F04CF8E36A054633B13046E1699847D7
:106A70000028B8BF4FF0FF35A3891A0639D4216B1F
:106A800041B104F14003994202D03046FBF738FC93
:106A900000232363616C21B13046FBF731FC0023F6
:106AA0006364FEF715F90022636EA281DB071CD533
:106AB000A06DFEF725FAFEF711F9284670BD002AF1
:106AC000CCD10025284670BDFEF7E4F8BFE7A06DE5
:106AD000FEF718FAB4F90C30002BBFD1636ED9075A
:106AE000EFD4A06DFEF710FAEBE7A06DFEF70CFAFD
:106AF000DEE730462169FBF703FCC0E7B1F90C2063
:106B0000F8B513070C46074648D4496842F40063B9
:106B10000029A3815FDDA66A002E3DD0002112F47A
:106B200080523D68396062D101233846E169B0473F
:106B3000461C024668D0B4F90C30A66A580705D541
:106B40006368D21A236B0BB1E36BD21A0023E1699D
:106B50003846B047411CB4F90C304AD139681D2978
:106B60003FD82E4ACA40D2073BD500226260226934
:106B7000DE04226023F40062A28101D5002941D005
:106B8000216B3D6041B104F14003994202D0384687
:106B9000FBF7B6FB002323630020F8BD0E69002E2F
:106BA000FAD0920718BF00230D6808BF4B690E602A
:106BB000AD1B8B600CE02B463246D4F824C038461F
:106BC000E169E047B0F1000CA5EB0C05664406DD79
:106BD000002DF0DCE0E7E16B00299CDCDCE7B4F998
:106BE0000C3043F040034FF0FF30A381F8BD226D1D
:106BF000A4E7002262602269226023F40062DB04C1
:106C0000A281BDD52065BBE73B68002B93D01D2B2F
:106C100001D0162BE3D13D60BEE700BF010040204C
:106C200038B505460C4608B1436B03B3B4F90C0004
:106C300088B1636EDB0701D481050FD52846214654
:106C4000FFF75CFF636E0546DA0702D4A3899B0554
:106C500008D5284638BD0546284638BDA06DFEF744
:106C600051F9EBE7A06DFEF74FF9284638BDFEF766
:106C700011F8DBE788420DD98B1883420AD900EB63
:106C8000020C5AB3624613F801CD994202F801CDC5
:106C9000F9D170470F2A0DD802F1FF3CF2B10CF187
:106CA000010C431E8C4411F8012B614503F8012FA0
:106CB000F9D1704740EA01039B07F0B50C460ED0AE
:106CC000034602F1FF3C0CF1010C013B8C4411F82E
:106CD000012B614503F8012FF9D1F0BD7047A2F1F6
:106CE000100525F00F0501F1200E01F11003AE444F
:106CF00000F1100C53F8106C10334CF8106C53F872
:106D00001C6C0CF1100C4CF81C6C53F8186C4CF803
:106D1000186C53F8146C73454CF8146CEAD101EB01
:106D2000050C0CF11001054412F00C0F05F11003D5
:106D30008E4602F00F0518D0043D25F00305AC4443
:106D40000CF1140C041B0F460E193F680431614509
:106D50003760F8D12C1D04EB0E01234402F003022E
:106D600002F1FF3C002AAED1F0BD2A46F8E700BF91
:106D7000014B1868704700BF08000020144600B59A
:106D80001A460A4B0D461B6885B0DE6803464CB1B7
:106D900007490191304607490294009500F010FA26
:106DA00001F04EFC04490C46F3E700BF0800002048
:106DB0008C8900089C8900089889000838B5A1FBD7
:106DC000021454BBFBF790FB054650B350F8042C5B
:106DD00022F00302043A242A10D8132A13D91B2ABA
:106DE000C0E9004416D9242AC0E902440ABFC0E918
:106DF000044400F1100200F1180205E02146FBF7FF
:106E0000ADF9284638BD024600232846C2E90033C2
:106E1000936038BD00F10802F6E7FFF7A9FF0C23E5
:106E200003600025284638BD82B049B15AB16BB124
:106E300013780B601278101E18BF012002B0704743
:106E400001A9002AF3D1104602B070476FF001008B
:106E5000F4E700BF2DE9F84F1646002900F09880AE
:106E60000C46804606F10B05FBF7FCFD54F8041CAC
:106E7000162DA4F1080921F0030758D81025AE42B9
:106E800058D8AF4262DAC04B09EB070C9A68DCF8BD
:106E90000400624500F0928020F0010363445B68C7
:106EA000DB076AD420F003003B189D4249DDCB0785
:106EB00012D454F8083CA9EB030BDBF8043023F0A0
:106EC0000302104400EB070A554540F3F88007EB36
:106ED000020A554540F3CE8031464046FBF704FB9D
:106EE0000646002800F0238154F8043CA0F1080273
:106EF00023F001034B44934200F0B6803A1F242A4A
:106F000000F2D980132A00F2A480034622461168B9
:106F100019605168596092689A6021464046FBF7B3
:106F2000EFF94046FBF7A4FD3046BDE8F88F35F099
:106F30000705A4D50C23C8F8003000263046BDE86C
:106F4000F88F1F46DCE90223D3609A60D9F8043039
:106F50007A1B0F2A03F0010309EB07001DD83B43FE
:106F6000C9F80430436843F0010343604046FBF72F
:106F70007FFD26463046BDE8F88FC907ACD454F8EB
:106F8000083CA9EB030BDBF8043023F003029EE777
:106F90001146BDE8F84FFBF7A7BA2B4309EB0501F3
:106FA00042F00102C9F804304A604368083143F0F6
:106FB000010343604046FBF7A3F9D7E720F0030045
:106FC000C21905F1100C624580F29280CA0783D481
:106FD00054F8082CA9EB020BDBF8042022F0030282
:106FE000104400EB070AD4453FF771AF5E46DBF86B
:106FF0000C1056F8080F3A1F242AC160886000F26E
:10700000B080132A40F2AB8021681B2ACBF808100D
:107010006168CBF80C1000F2AA8008340BF1100262
:107020002168116061685160A1689160AAEB050256
:107030000BEB050142F0010299604A60DBF8043075
:10704000404603F001032B43CBF80430FBF710FD5F
:1070500090E723681B2A0360636843603DD804F10E
:10706000080200F1080352E750F8043C23F0030340
:107070001F446BE75E463A1FDBF80C3056F8081FDA
:10708000242ACB60996023D8132A1FD923681B2A8E
:10709000CBF808306368CBF80C303CD808340BF1DF
:1070A000100322681A6062685A60A2689A603446C7
:1070B0005746D9464AE72146FFF7DCFD2DE7DCE9D4
:1070C00002135E46CB603A1F9960D5E73346E8E786
:1070D00021463046FFF7CEFDE9E7A368242A836006
:1070E000E368C36027D004F1100200F110030EE73B
:1070F000521B09EB050142F0010299604A6054F805
:10710000043C404603F001032B4344F8043CFBF7E6
:10711000AFFC26462EE7A368242ACBF81030E3689C
:10712000CBF8143010D010340BF11803B9E74046F7
:10713000FBF79EFC01E7236904F118020361636910
:10714000436100F11803E2E623691834CBF81830E4
:1071500054F8043CCBF81C300BF12003A1E7324675
:107160005EE721463046FFF785FD074B5EE7A168E5
:10717000242ACBF81010E168CBF8141006D0103494
:107180000BF118024CE700BF5801002022691834A7
:10719000CBF8182054F8042CCBF81C200BF120025B
:1071A0003EE700BF034649B1FF2A02D801200A701A
:1071B00070478A224FF0FF301A60704708467047C8
:1071C0000EB400B5074A82B003AB0146106853F80D
:1071D000042B019300F008F802B05DF804EB03B053
:1071E000704700BF080000202DE9F04FBBB01C46DF
:1071F0001646CDE90630029118B1436B002B00F022
:10720000A086029B596EB3F90C20CB0740F1E884AD
:10721000970400F18685029B42F4005221F400514C
:107220009A81596612B2130740F1B684029B1B691A
:10723000002B00F0B18402F01A030A2B00F0BB848B
:1072400011AB0E930023CDE90F33CDE908330DF1D7
:10725000440B0A9304930196019B1B78002B00F0CA
:10726000F080019C04E014F8013F002B00F07C83C7
:10727000252BF8D1019BE51A40F07A832378002B67
:1072800000F0DF804FF000034FF000094FF0FF3AAD
:107290008DF83330CDF80C90637801340134A3F1CC
:1072A00020025A2A5CD8DFE812F035035B005B004D
:1072B00031035B005B005B0013035B005B00F200CB
:1072C0000E035B00720143035B003F03E200E20038
:1072D000E200E200E200E200E200E200E2005B0025
:1072E0005B005B005B005B005B005B005B005B00C6
:1072F000FF00C5015B005B005B005B005B005B00A7
:107300005B005B005B005B0080015B005B005B007F
:107310004B015B00D5025B005B008C055B005B00F2
:107320005B005B005B005B005B005B005B005B0085
:10733000FF000E015B005B005B00A8020E01FB007A
:107340005B0076015B00C602B2025802FB005B00E4
:107350004B01F900ED025B005B00B2055B00F90038
:107360000194002B6DD08DF88430002301279A46BC
:10737000059721AC8DF8333019F08408DDE90F0C46
:10738000614602462AD1039BDD1B002D00F3558484
:107390009DF8333033B34FF00008464601200132E8
:1073A0000131CBF80400072A0DF13300CDE90F219C
:1073B000CBF8000000F396830BF1080B76B10223A3
:1073C00001320231CBF80430072A0DABCDE90F2191
:1073D000CBF8003000F393830BF1080BB8F1800F6A
:1073E00000F0DC82059BAAEB0305002D00F31D8352
:1073F000059B01321944072ACDE90F21CBF8004043
:10740000CBF8043000F34E830BF1080B19F0040F96
:1074100004D0039BDC1B002C00F37E83DDE90323F7
:10742000BA42ACBF9B18DB190493002940F0468395
:1074300000230F93019B0DF1440B1B78002B7FF46D
:1074400010AF109B002B40F0788600230F93029B17
:107450005A6EB3F90C30D10702D49A0540F1698510
:107460005B0600F1E68304983BB0BDE8F08FA3F122
:1074700030020023194614F8013B01EB810102EBB5
:107480004101A3F13002092AF5D9039107E7069BD0
:1074900053F8042B002A0392069375DB2378FDE64C
:1074A000237849F02009F9E600220127069B92463D
:1074B0008DF8332053F8042B0194059721AC8DF8F7
:1074C0008420069358E719F0200F019400F04E84B1
:1074D000069B073323F007031A465B6852F8085BE4
:1074E0001F460692002BC0F2B780BAF1000F05DBF1
:1074F00055EA070329F0800900F0A8840A2D77F1E6
:10750000000380F0BA8005F13003DBB257468DF8F6
:10751000E7309DF83330012FB8BF0127002B00F072
:10752000EA830123013705930DF1E70419F084087C
:10753000DDE90F218C4610463FF425AF00262DE7EC
:107540004FF00008069D019455F8044B8DF83380E8
:10755000002C00F00D85BAF1000FC0F27E84524677
:1075600041462046FDF7E0FC9DF83330002800F04E
:10757000D385021B059222EAE2770695002B00F0E4
:107580007884C2460137D1E7039B5B42039323789B
:1075900049F0040982E623786C2B03BF637849F035
:1075A0002009013449F0100978E619F0200F019400
:1075B00049F0100700F0D383069B073323F007033D
:1075C000596853F8082B069300239A458DF83330F9
:1075D000C0F28E8352EA010327F4906900F0918390
:1075E0003AAC02F00700D20842EA4172C9083030D2
:1075F00052EA0105234604F8010DF2D119F0010FFA
:1076000000F0FF82302800F0FC823022023B04F8B8
:10761000012C3AAAD51AAA455746B8BF2F46DDE92C
:107620000F2119F084088C46104640F096851C46C0
:107630000595A8E619F0200F019449F0100240F0DA
:107640007883069B0433069906930D689146EF17DD
:107650003B46002BBFF649AF2D236D4267EB470732
:10766000BAF1000F8DF83330FFF648AF0A2D77F1ED
:10767000000329F08009FFF446AF09F48063CDF8D8
:107680002C9000201E46DFF80C83DDF820903AA9EC
:10769000CDF814A023E0EB1943F10003A8FB032C61
:1076A0002CF0030202EB9C029B1A4FF0CC32AA464C
:1076B000BE46EB1A02FB03F267F1000708FB072244
:1076C000A3FB0853BAF10A0F13444FEA55057EF1A4
:1076D000000E214645EAC3754FEA530729D3EB193B
:1076E00043F10003A8FB032C2CF0030202EB9C02E5
:1076F0009B1AEB1AA3FB083267F1000C08FB0C2263
:107700005B0843EAC27303EB8303A5EB4303303307
:1077100001304C1E01F8013C002EBCD099F800301D
:107720008342B8D1FF28B6D00A2D77F1000380F04C
:107730006284DDF814A03AAA121B52450592B8BF24
:1077400052469DF83330CDF820901746DDF82C9046
:10775000002B3FF411AE0137E8E647F63003002274
:107760000194069CADF8343054F8043B9245114620
:1077700018468DF83320C0F2518329F0800242F080
:1077800002090694002B00F0FD830225824A03F0D3
:107790000F03D35C8DF8E730030943EA017308094E
:1077A00053EA111100F001850DF1E70403F00F0118
:1077B000515C1B0943EA0073000904F8011D53EAF8
:1077C0000001F3D13AAB1B1B53450593B8BF534699
:1077D0001F46002D00F0ED84DDE90F0C19F0840840
:1077E0006146024607F102077FF4E9AD039BDD1B0A
:1077F000002D7FF7E4AD022620E22378682B03BF3B
:10780000637849F40079013449F0400946E519F0FC
:10781000200F019440F0A182069B19F0100153F84B
:10782000042B40F0C08419F0400000F0DA834F468A
:10783000069392B2C8E619F0200F019400F07C8202
:10784000069B049A1B681A60D2175A60069B043381
:10785000069301E519F0200F019449F0100217D1A9
:10786000069B043300270699BA4509688DF83370E2
:107870000D46C0F2CF8222F08009002900F09F82DD
:1078800006933BE619F0200F019400F081824A46EE
:10789000069B073323F0070319465F68002351F85E
:1078A000085B9A458DF833300691C0F2B48255EAF0
:1078B000070322F080097FF421AEBAF1000F00F037
:1078C000A08200251FE62B238DF833302378E5E4D2
:1078D000079E3046FDF7A8FA436818460A93FDF75D
:1078E00063FB099005463046FDF79EFA81682378D0
:1078F0000891002D3FF4D2AC00293FF4CFAC0A78B8
:10790000002A3FF4CBAC49F48069C7E4237849F0FE
:107910000109C3E49DF833202378002A7FF4BEAC2C
:1079200020228DF83320B9E4237849F08009B5E4AA
:10793000214611F8013B2A2B00F01E84A3F13002EE
:10794000092A98BF4FF0000A00F2F28311F8013BB8
:107950000AEB8A0A02EB4A0AA3F13002092AF5D996
:107960000C464AEAEA7A9AE4019BE51A3FF469ADCB
:10797000019BCBE90035109B2B4410930F9B0133E7
:10798000072B0F9300F3A3800BF1080B049B2B44F0
:10799000049373E4CDCCCCCC9C880008039BDD1B06
:1079A000002D7FF71FAD102D40F3D483DFF8AC829C
:1079B00058464346CB46B846A14610261F46079C6C
:1079C00004E0103D102D00F1080015DD01321031EA
:1079D000072AC0E90076CDE90F21F2DD20460299A1
:1079E0000EAA00F037FC00287FF431ADDDE90F214D
:1079F000103D102D11A8E9DC3B464C464746D946C0
:107A00009846834601322944072ACDE90F21CBF855
:107A10000080CBF8045000F39882059B0BF1080B13
:107A2000AAEB0305002D7FF7E3AC102DDFF82C82C5
:107A30002ADD5B464FF0100AAB46079E2546029CA6
:107A400006E0ABF1100BBBF1100F03F1080318DDDA
:107A5000013282481031072AC3E9000ACDE90F211B
:107A6000EFDD214630460EAA00F0F4FB00287FF43B
:107A7000EEACDDE90F21ABF1100BBBF1100F11AB38
:107A8000E6DC2C465D469B4601322944072ACDE9B7
:107A90000F21CBF80080CBF8045000F31B810BF1D1
:107AA000080BA5E4029907980EAA00F0D3FB002862
:107AB0007FF4CDAC10990DF1440BA7E4029907981F
:107AC0000EAA00F0C7FB00283FF4B2ACBFE4029955
:107AD00007980EAA00F0BEFB00287FF4B8AC0DF1A9
:107AE000440B53E7029907980EAA00F0B3FB002855
:107AF0007FF4ADACDDE90F210DF1440B5EE402999A
:107B000007980EAA00F0A6FB00287FF4A0ACDDE9E0
:107B10000F210DF1440B61E4102C0F9B40F31783F0
:107B2000DFF83C8110254246079EB846DDF80890F4
:107B3000174604E0103C102C0BF1080B16DD013346
:107B40001031072BCBE90075CDE90F31F2DD494645
:107B500030460EAA00F07EFB00287FF478ACDDE909
:107B60000F31103C102C0DF1440BE8DC3A4647462F
:107B7000904601332144072BCBE90084CDE90F3136
:107B80007FF74CAC029907980EAA00F063FB00281F
:107B90007FF45DAC109941E4029D0798294600F0FE
:107BA000D5FC002840F0F282B5F90C2002F01A034F
:107BB0000A2B7FF445AB0299B1F90E30002BFFF68A
:107BC0003FAB4B6EDD0702D4900540F1A182234606
:107BD0003246029907983BB0BDE8F04F00F0F8BA82
:107BE000900517D593047FF516AB8F047FF51BAB7B
:107BF000029B9B899A051CD4029B986DFDF784F922
:107C000017E03AAB1B1B53450593B8BF53461F46BD
:107C1000FFF7B2BB029DA86DFDF774F9B5F90C2012
:107C2000696E95047FF5F7AA88047FF5FCAAC90759
:107C3000DED54FF0FF33049315E40026102D614686
:107C400040F37382DFF818805A460B96CB46102318
:107C5000A146029E4446DDF81C8008E0EC8B00083B
:107C6000FC8B0008103D102D02F1080217DD0130D9
:107C700010310728C2E90043CDE90F01F2DD31469A
:107C800040460EAA00F0E6FA00287FF4E0ABDDE9FA
:107C90000F01103D102D4FF0100311AAE7DCA04694
:107CA0004C46D94693460B9E421C2944072ACDE9EF
:107CB0000F21CBF80080CBF8045000F310819DF821
:107CC00033000BF1080B80BB002E3FF48BAB8046DA
:107CD000FFF775BB029907980EAA00F0BBFA0028BF
:107CE0007FF4B5ABDDE90F210DF1440BFFF780BB4D
:107CF00027F4806974E401230DF1E7040593FFF78D
:107D00003BBBBAF1000F7FF46BAC17F0010700F03A
:107D1000E180302305978DF8E7300DF1E704FFF798
:107D20002BBB8D047FF57FAA83E74FF00008FFF798
:107D300035BB9146FFF7CCBB19F0100F40F0138113
:107D400019F0400F40F0DA8119F4007F00F00B8148
:107D5000069B049A1B681A7078E54F462CE4069B34
:107D60000433069A0021126806932DE4069B19F04D
:107D7000100F53F8045B40F0238219F0400F069374
:107D800000F0138145F3C0373B462DB2FFF7AABB85
:107D9000069B19F0100753F8042B40F00E8219F0DF
:107DA000400100F00D81BAF1000F95B28DF83370EB
:107DB000FFF666AD29F08009002D7FF461AD0693D2
:107DC0007BE5CA4A019419F020016CD0069907316D
:107DD00021F007010846044654F8080B4968069448
:107DE00019F0010548D050EA010440F08F800023CB
:107DF0009A458DF83330C0F24B8129F4906940F0F8
:107E00005C81CDF814A057463AACFFF7B5BAB84A32
:107E10000194D8E706939146FFF770BB1046B44A29
:107E200003F00F01515C1B0918BF022549F002093C
:107E30008DF8E71006947FF4B7AC57460123012F65
:107E4000B8BF012705930DF1E704C5E4BAF1000FAF
:107E500000F028813023FFF759BB2046FDF7A4F836
:107E60009DF83330059020EAE0770695002B7FF4EB
:107E700088AB9A46FFF780BABAF1000F8DF83350FD
:107E800020DB50EA010329F490694ED1BAF1000FCA
:107E900000F0FA80137857468DF8E73001250DF190
:107EA000E703FFF7BCBB069C54F8040B069419F0DB
:107EB000100495D119F0400571D0214680B28FE7AA
:107EC00049F0020900F00F0309F00205D35C29F420
:107ED00080695FE4CDF814A03AACFFF74DBA02997F
:107EE00007980EAA00F0B6F9804600287FF4AFAAE2
:107EF000DDE90F219DF833000DF1440B00287FF4DC
:107F00004DAA002E7FF45BAAFFF76CBA8DF83530CE
:107F100030238DF8343000239A458DF83330CFDB91
:107F2000022529F4906343F0020900F00F03D35CAB
:107F300030E4029CA06DFCF7E7FFB4F90C30FFF7CA
:107F40008FBAFCF7A7FEFFF75CB9029907980EAA53
:107F500000F080F900287FF47AAADDE90F210DF105
:107F6000440BFFF73FBA069B049A1B681A606DE446
:107F70005746062F28BF0627A24606955D4C059753
:107F8000FFF7FAB9BAF1000F00F09F8030238DF8A7
:107F9000E7300123574605930DF1E7041CE419F47B
:107FA00000711CBF2946C0B21AE719F4007F14BF44
:107FB00045F3C017EF173B4618BF6DB2FFF792BAF3
:107FC00019F4007740F08780BAF1000F15468DF85C
:107FD0003370FFF655AC29F08009002A7FF450ACCD
:107FE000EDE619F4007100F08F8001464F460693CC
:107FF000D2B2FFF7E9BA099A0A99A4EB020A5046ED
:10800000FCF7DCFE99F801300BB109F101094FF0E2
:10801000CC310120384AEB1943F10003A2FB034E97
:108020002EF0030C0CEB9E0CA3EB0C03EB1A03FBE2
:1080300001F167F10007A3FB023502FB0711C34002
:10804000294443EAC17521FA00F7EB1943F1000313
:10805000A2FB031C2CF0030101EB9C015B1AEB1A41
:10806000A3FB023167F1000C02FB0C12C34043EA90
:10807000C27303EB8303A5EB430330330AF1FF34F0
:108080000AF8013CFFF74ABB57463AABFFF7C7BABD
:1080900013782F468DF8E73029F480690DF1E70356
:1080A000FFF7BDBA9DF83330CDF814A0002B3FF494
:1080B000AAAE01273AACFFF739BA137857468DF8C4
:1080C000E7300DF1E703FFF7AABA5746CDF814A041
:1080D0003AACFFF781BBBAF1000F0F46D5B28DF86D
:1080E0003310BFF667AEFFF7CBBB00BFB088000808
:1080F0009C880008C4880008CDCCCCCC069B049A90
:108100001B681A80FFF7A2BB4F460693FFF75CBAC5
:10811000886DFCF7F9FE5AE506953BB3CDF814A03F
:108120000AF101078246FFF701BADFF89C80BBE540
:108130000C464FF0000AFFF7B2B8029907980EAA52
:1081400000F088F800283FF480A9FFF780B9DFF835
:1081500078800EE5DFF8748054E49DF833001C4607
:10816000059500287FF4EAA9FFF738B95746CDF8FE
:1081700014A09A46FFF700B9069A637852F804AB48
:108180000C4606924AEAEA7AFFF788B8029A536EDA
:10819000DF073FF54EAD93899E053FF54AAD906DE3
:1081A000FCF7B2FE45E54F46DBE50DF1E704FFF7CE
:1081B00009BB2346059DFFF732BA4A46FFF752BB7B
:1081C0004A46FFF740BA00BFFC8B0008EC8B000862
:1081D0002DE9F0414FF480650027ADF58D6D1AAEA5
:1081E000CDE90557984607460096049616468B89B2
:1081F00016A823F00203ADF80C304B6E02951993CC
:10820000CB890D46ADF80E30CB696C4607934B6AAF
:108210000993FCF773FE3246434669463846FEF73B
:10822000E3FF061E07DB69463846FEF7F9FC002827
:1082300018BF4FF0FF36A3895B0603D5AB8943F027
:108240004003AB81A06DFCF75BFE30460DF58D6DF4
:10825000BDE8F081936810B514461BB91846002399
:10826000636010BD00F006F80023A3600023636084
:1082700010BD00BF9368002B00F0B2802DE9F04FD5
:10828000B1F90CC017461CF0080F80460C4683B0AD
:1082900025D00B691BB31CF002033D682BD04FF0B7
:1082A000000B5E46DFF8A0A2002E00F08880564545
:1082B00033465A4628BF53464046E169D4F824C0A5
:1082C000E047002840F38480BB6883441B1A361AB9
:1082D000BB60002BE8D1002003B0BDE8F08F214641
:1082E000404600F033F9002877D1B4F90CC03D685E
:1082F0001CF00203D3D11CF0010973D14E46002EAD
:1083000059D01CF4007F2068D4F808B000F0AD808C
:10831000B3455A4600F2DC801CF4906F32D02369DA
:108320006269A0EB030A02EB420202EBD2720AF18D
:10833000010152103144914292BF93468B460A4646
:108340001CF4806F00F0E28011464046FAF7CCF84A
:10835000002800F0F280524621690190F7F7D8FE1C
:10836000A289019B22F4906242F08002A28103EB79
:108370000A002361C4F814B0ABEB0A033246B346DB
:10838000A3602060B246002649460192FEF772FCC7
:10839000A368019AA3EB0B012368A1601344236037
:1083A000BB68D144A3EB0A03BB60002B93D0B4F9A4
:1083B0000CC0002EA5D1D5E9009608359FE7D5E978
:1083C00000B6083570E721464046FEF729FC68B341
:1083D000B4F90C3043F04003A3814FF0FF307BE74A
:1083E000002070471E46BA46994618461F465EB39F
:1083F00080B34A4620682169B24228BF324688428B
:10840000636904D9A16803EB010B5A4570DC934200
:1084100061DC3A464046E169D4F824C0E047B0F157
:10842000000BD5DDB9EB0B09CDD00120DAF808300F
:108430005F44A3EB0B03A6EB0B06CAF80830002B36
:108440003FF449AF002ED3D16E682B460835002E7D
:10845000FAD01F6832460A213846FCF765FD00282D
:1084600068D00130A0EB0709C3E72369834217D323
:108470006369B34214D86FF0004CB44528BFB446CA
:108480009CFBF3FC4A4603FB0CF34046E169D4F83D
:1084900024C0E047B0F1000A9ADDA6EB0A067FE7A8
:1084A000B345DA4628BFB24649465246FEF7E2FBDC
:1084B000A3682268A3EB0A035244A3602260002B46
:1084C000EBD121464046FEF7ABFB0028E5D07FE725
:1084D000B346324656E739460192FEF7CBFB019A86
:1084E000A36893469B1AA36023681344236099E70B
:1084F00039465A46FEF7BEFB236821465B44404698
:108500002360FEF78DFB00288CD061E719464046BA
:10851000FEF7A0FC034600287FF429AF40462169FE
:10852000F9F7EEFE0C22B4F90C30C8F8002023F065
:1085300080034FE7721C91465CE70C22B4F90C30C3
:10854000C8F8002046E700BF00FCFF7F38B53B4B72
:1085500005461B680C4613B15A6B002A56D0B4F975
:108560000C3019070BD522699AB113F0010221D101
:108570009B0756BF6369A260A360002038BDDA067E
:1085800054D558071CD4226943F00803A381002A5C
:10859000EBD103F42071B1F5007F25D1D90739D58E
:1085A0006169A2604942A1611A06E6D543F0400321
:1085B000A38140E000226369A2605B42A361DCE723
:1085C000216B51B104F14002914204D02846F9F7E1
:1085D00097FEB4F90C30002222630021226923F0B7
:1085E0002403C4E90021CFE72146284600F030F8F3
:1085F000B4F90C30226913F0010112D00020616936
:10860000A0604942A161002ACED0B6E71846FCF727
:1086100041FBA4E79D0707D46169A160002AC3D08C
:10862000ABE79807F9D4F7E7A260BDE7092243F06A
:1086300040032A60A3814FF0FF3038BD08000020BE
:10864000062008B500F06CF80120F8F76DFB00BFBC
:1086500070B5B1F90C300C46990796B007D50122D8
:1086600004F14303C4E90432236016B070BDB4F9C9
:108670000E10054600292BDB6A4600F07DF8002825
:1086800024DB4FF480612846019EF9F72DFFB4F9F1
:108690000C30A0B34FF4806206F4704643F08003C0
:1086A000B6F5005FA38120602061626135D1284664
:1086B000B4F90E1000F074F8B4F90C3068B323F07C
:1086C00003034FF4006243F0010314E0B4F90C30EB
:1086D00013F0800F0CBF4FF48066402628463146C9
:1086E000F9F702FFB4F90C3048B10022C4E90406DE
:1086F00043F0800320601343A38116B070BD9A0538
:10870000B3D4012123F0030304F1430243F0020335
:10871000C4E90421A3812260A7E74FF40062EAE7DD
:1087200038B5144B1F281D681ED8D5F838210446CB
:1087300062B152F820304BB1012B05D0591C0FD03B
:10874000002142F820109847002038BD284600F04C
:108750004DF8224601462846BDE8384000F032B8C0
:10876000162301202B6038BD16234FF0FF302B60FD
:1087700038BD00BF0800002070B50026074D044634
:10878000084611462E60F8F7E0FA431C00D070BD91
:108790002B68002BFBD0236070BD00BFD41B0020D2
:1087A000002238B5064D044608462A60F8F7DCFA80
:1087B000431C00D038BD2B68002BFBD0236038BD94
:1087C000D41B002070B50026074D0446084611460C
:1087D0002E60F8F715FB431C00D070BD2B68002BF2
:1087E000FBD0236070BD00BFD41B0020F8F71ABB7C
:1087F00053697374656D61204F7065726174697639
:108800006F20456A65637574616E646F2069646C7E
:10881000653A256C750D0A000D0A3D3D3D2054500A
:108820003420456A6572636963696F20313A205468
:108830006172656173207920506C616E696669634D
:108840006163696F6E204672656552544F53203DD7
:108850003D3D0D0A00000000426C696E6B795F358A
:10886000487A000054656C656D657472790000008B
:1088700049444C45000000000000000000000000DA
:10888000010203040607080904000000494E4600DF
:10889000696E66004E414E006E616E0030313233BB
:1088A000343536373839616263646566000000002C
:1088B0003031323334353637383941424344454616
:1088C00000000000286E756C6C290000300000006C
:1088D000496E66696E697479000000004E614E0051
:1088E00042616C6C6F632073756363656564656476
:1088F000000000002E2E2F2E2E2F2E2E2F2E2E2F4C
:108900002E2E2F2E2E2F6E65776C69622D342E350C
:108910002E302E32303234313233312F6E65776C57
:1089200069622F6C6962632F7374646C69622F646F
:10893000746F612E630000002E2E2F2E2E2F2E2EF0
:108940002F2E2E2F2E2E2F2E2E2F6E65776C6962D6
:108950002D342E352E302E32303234313233312F09
:108960006E65776C69622F6C6962632F7374646CD7
:1089700069622F6D707265632E6300004300000012
:10898000504F5349580000002E0000002C206675FF
:108990006E6374696F6E3A20000000006173736546
:1089A0007274696F6E2022257322206661696C657E
:1089B000643A2066696C6520222573222C206C693C
:1089C0006E65202564257325730A00003030303031
:1089D00030303030303030303030303020202020D7
:1089E0002020202020202020202020200500000002
:1089F000190000007D0000000080E03779C341438A
:108A0000176E05B5B5B89346F5F93FE9034F384DF4
:108A1000321D30F94877825A3CBF737FDD4F1575A0
:108A2000000000000000F03F0000000000002440B3
:108A300000000000000059400000000000408F408E
:108A4000000000000088C34000000000006AF840F9
:108A50000000000080842E4100000000D01263411D
:108A60000000000084D797410000000065CDCD4193
:108A7000000000205FA00242000000E87648374274
:108A8000000000A2941A6D42000040E59C30A24212
:108A90000000901EC4BCD64200003426F56B0C4387
:108AA0000080E03779C3414300A0D885573476432E
:108AB00000C84E676DC1AB43003D9160E458E1438F
:108AC000408CB5781DAF154450EFE2D6E41A4B4404
:108AD00092D54D06CFF08044F64AE1C7022DB54449
:108AE000B49DD9794378EA4400202020202020201A
:108AF000202028282828282020202020202020204E
:108B0000202020202020202020881010101010105D
:108B100010101010101010101004040404040404A9
:108B20000404041010101010101041414141414143
:108B30000101010101010101010101010101010125
:108B40000101010110101010101042424242424235
:108B500002020202020202020202020202020202F5
:108B6000020202021010101020000000000000009D
:108B700000000000000000000000000000000000F5
:108B800000000000000000000000000000000000E5
:108B900000000000000000000000000000000000D5
:108BA00000000000000000000000000000000000C5
:108BB00000000000000000000000000000000000B5
:108BC00000000000000000000000000000000000A5
:108BD0000000000000000000000000000000000095
:108BE00000000000000000000000000030303030C5
:108BF00030303030303030303030303020202020B5
:0C8C0000202020202020202020202020E8
:088C0C000475FF7F0100000068
:108C140000127A00AAAAAAAA1000002000000000EC
:108C2400000000000C1C0020741C0020DC1C002030
:108C34000000000000000000000000000000000030
:108C44000000000000000000000000000000000020
:108C54000000000000000000000000000000000010
:108C64000000000000000000000000000000000000
:108C740000000000000000000000000000000000F0
:108C840000000000000000000000000000000000E0
:108C940000000000000000000000000000000000D0
:108CA40000000000000000000000000000000000C0
:108CB40000000000000000000100000000000000AF
:108CC4000E33CDAB34126DE6ECDE05000B00000074
:108CD4000000000000000000000000000000000090
:108CE4000000000000000000000000000000000080
:108CF4000000000000000000000000000000000070
:108D0400000000000000000000000000000000005F
:108D1400000000000000000000000000000000004F
:108D2400000000000000000000000000000000003F
:108D3400000000000000000000000000000000002F
:108D4400000000000000000000000000000000001F
:108D5400000000000000000000000000000000000F
:108D6400FFFFFFFF00000200000000000000000001
:108D740058010020580100206001002060010020FB
:108D840068010020680100207001002070010020AB
:108D9400780100207801002080010020800100205B
:108DA400880100208801002090010020900100200B
:108DB4009801002098010020A0010020A0010020BB
:108DC400A8010020A8010020B0010020B00100206B
:108DD400B8010020B8010020C0010020C00100201B
:108DE400C8010020C8010020D0010020D0010020CB
:108DF400D8010020D8010020E0010020E00100207B
:108E0400E8010020E8010020F0010020F00100202A
:108E1400F8010020F80100200002002000020020D8
:108E24000802002008020020100200201002002086
:108E34001802002018020020200200202002002036
:108E440028020020280200203002002030020020E6
:108E54003802002038020020400200204002002096
:108E64004802002048020020500200205002002046
:108E740058020020580200206002002060020020F6
:108E840068020020680200207002002070020020A6
:108E94007802002078020020800200208002002056
:108EA4008802002088020020900200209002002006
:108EB4009802002098020020A0020020A0020020B6
:108EC400A8020020A8020020B0020020B002002066
:108ED400B8020020B8020020C0020020C002002016
:108EE400C8020020C8020020D0020020D0020020C6
:108EF400D8020020D8020020E0020020E002002076
:108F0400E8020020E8020020F0020020F002002025
:108F1400F8020020F80200200003002000030020D3
:108F24000803002008030020100300201003002081
:108F34001803002018030020200300202003002031
:108F440028030020280300203003002030030020E1
:108F54003803002038030020400300204003002091
:108F64004803002048030020500300205003002041
:108F740058030020580300206003002060030020F1
:108F840068030020680300207003002070030020A1
:108F94007803002078030020800300208003002051
:108FA4008803002088030020900300209003002001
:108FB4009803002098030020A0030020A0030020B1
:108FC400A8030020A8030020B0030020B003002061
:108FD400B8030020B8030020C0030020C003002011
:108FE400C8030020C8030020D0030020D0030020C1
:108FF400D8030020D8030020E0030020E003002071
:10900400E8030020E8030020F0030020F003002020
:10901400F8030020F80300200004002000040020CE
:10902400080400200804002010040020100400207C
:10903400180400201804002020040020200400202C
:1090440028040020280400203004002030040020DC
:10905400380400203804002040040020400400208C
:10906400480400204804002050040020500400203C
:1090740058040020580400206004002060040020EC
:10908400680400206804002070040020700400209C
:10909400780400207804002080040020800400204C
:1090A40088040020880400209004002090040020FC
:1090B4009804002098040020A0040020A0040020AC
:1090C400A8040020A8040020B0040020B00400205C
:1090D400B8040020B8040020C0040020C00400200C
:1090E400C8040020C8040020D0040020D0040020BC
:1090F400D8040020D8040020E0040020E00400206C
:10910400E8040020E8040020F0040020F00400201B
:10911400F8040020F80400200005002000050020C9
:109124000805002008050020100500201005002077
:109134001805002018050020200500202005002027
:1091440028050020280500203005002030050020D7
:109154003805002038050020400500204005002087
:109164004805002048050020500500205005002037
:1091740000000000030000000C1C0020430000005D
:1091840000000000000000000000000000000000DB
:109194000000000000000000000000004300000088
:1091A40000000000000000000000000000000000BB
:1091B4000000000000000000000000004300000068
:1091C400000000000000000000000000000000009B
:1091D4000000000000000000000000004300000048
:1091E400000000000000000000000000000000007B
:1091F4000000000000000000000000004300000028
:10920400000000000000000000000000000000005A
:109214000000000000000000000000004300000007
:10922400000000000000000000000000000000003A
:1092340000000000000000000000000043000000E7
:10924400000000000000000000000000000000001A
:10925400000000000000000000000000A5710008EC
:10926400296E000800000000E88A000888890008C8
:109274009889000898890008988900089889000846
:109284009889000898890008988900089889000836
:1092940098890008FFFFFFFFFFFFFFFFFFFFFFFFAD
:1092A400FFFF000001004153434949000000000052
:1092B40000000000000000000000000000000000AA
:1092C4000000000000004153434949000000000031
:1092D400000000000000000000000000000000008A
:0892E400000000000000000082
:0400000508000B25BF
:00000001FF
