:020000040800F2
:10000000FF4F0020250B00086D0B00086D0B00084A
:100010006D0B00086D0B00086D0B00080000000060
:10002000000000000000000000000000E12C0008BB
:100030006D0B000800000000F12D0008392E0008AB
:100040006D0B00086D0B00086D0B00086D0B0008B0
:100050006D0B00086D0B00086D0B00086D0B0008A0
:100060006D0B00086D0B00086D0B00086D0B000890
:100070006D0B00086D0B00086D0B00086D0B000880
:100080006D0B00086D0B0008511000086D0B000887
:100090006D0B00086D0B00086D0B00086D0B000860
:1000A0006D0B00086D0B00086D0B00086D0B000850
:1000B0006D0B00086D0B00086D0B00086D0B000840
:1000C0006D0B00086D0B00086D0B00086D0B000830
:1000D0006D0B00086D0B00086D0B00086D0B000820
:1000E0006D0B00086D0B00086D0B00080000000090
:1000F0000000000000000000000000000000000000
:0C01000000000000000000005FF808F1A3
:10011000844641EA000313F0030349D1403A23D354
:100120000B6803604B6843608B688360CB68C36077
:100130000B6903614B6943618B698361CB69C3615F
:100140000B6A03624B6A43628B6A8362CB6AC36247
:100150000B6B03634B6B43638B6B8363CB6BC3632F
:1001600040304031403ADBD230320BD30B68036071
:100170004B6843608B688360CB68C360103010317C
:10018000103AF3D20C3205D351F8043B40F8043B4B
:10019000043AF9D2043208D0D2071CBF11F8013B4F
:1001A00000F8013B01D30B8803806046704700BF15
:1001B000082A13D38B07B1D010F00303AED0C3F1DC
:1001C0000403D21ADB071CBF11F8013B00F8013B06
:1001D000A4D331F8023B20F8023B9FE7043AD9D37D
:1001E000013A11F8013B00F8013BF9D20B7803709A
:1001F0004B7843708B7883706046704781F0004184
:1002000002E000BF83F0004330B54FEA41044FEAFB
:10021000430594EA050F08BF90EA020F1FBF54EA96
:10022000000C55EA020C7FEA645C7FEA655C00F032
:10023000E2804FEA5454D4EB5555B8BF6D420CDD03
:100240002C4480EA020281EA030382EA000083EA86
:10025000010180EA020281EA0303362D88BF30BD26
:1002600011F0004F4FEA01314FF4801C4CEA11317C
:1002700002D0404261EB410113F0004F4FEA0333DB
:100280004CEA133302D0524263EB430394EA050F66
:1002900000F0A780A4F10104D5F1200E0DDB02FAD5
:1002A0000EFC22FA05F2801841F1000103FA0EF269
:1002B000801843FA05F359410EE0A5F120050EF12F
:1002C000200E012A03FA0EFC28BF4CF0020C43FA60
:1002D00005F3C01851EBE37101F0004507D54FF06D
:1002E000000EDCF1000C7EEB00006EEB0101B1F5BD
:1002F000801F1BD3B1F5001F0CD349085FEA300003
:100300004FEA3C0C04F101044FEA445212F5800F0D
:1003100080F09A80BCF1004F08BF5FEA500C50F1AA
:10032000000041EB045141EA050130BD5FEA4C0C8D
:10033000404141EB0101013C28BFB1F5801FE9D2EA
:1003400091F0000F04BF01460020B1FA81F308BF0D
:100350002033A3F10B03B3F120020CDA0C3208DDD9
:1003600002F1140CC2F10C0201FA0CF021FA02F1B4
:100370000CE002F11402D8BFC2F1200C01FA02F124
:1003800020FA0CFCDCBF41EA0C019040E41AA2BF49
:1003900001EB0451294330BD6FEA04041F3C1CDA11
:1003A0000C340EDC04F11404C4F1200220FA04F031
:1003B00001FA02F340EA030021FA04F345EA0301DB
:1003C00030BDC4F10C04C4F1200220FA02F001FA9D
:1003D00004F340EA0300294630BD21FA04F029461F
:1003E00030BD94F0000F83F4801306BF81F48011B8
:1003F0000134013D4EE77FEA645C18BF7FEA655C2B
:1004000029D094EA050F08BF90EA020F05D054EAFC
:10041000000C04BF1946104630BD91EA030F1EBF01
:100420000021002030BD5FEA545C05D14000494105
:1004300028BF41F0004130BD14F580043CBF01F5F8
:10044000801130BD01F0004545F0FE4141F47001DE
:100450004FF0000030BD7FEA645C1ABF19461046B9
:100460007FEA655C1CBF0B46024650EA013406BFBA
:1004700052EA033591EA030F41F4002130BD00BF79
:1004800090F0000F04BF0021704730B54FF4806436
:1004900004F132044FF000054FF0000150E700BFB7
:1004A00090F0000F04BF0021704730B54FF4806416
:1004B00004F1320410F0004548BF40424FF0000103
:1004C0003EE700BF42004FEAE2014FEA31014FEA46
:1004D00002701FBF12F07F4393F07F4F81F0605195
:1004E000704732F07F4208BF704793F07F4F04BFE0
:1004F00041F40021704730B54FF4607401F00045BD
:1005000021F000411CE700BF50EA010208BF70471C
:1005100030B54FF000050AE050EA010208BF70470D
:1005200030B511F0004502D5404261EB41014FF476
:10053000806404F132045FEA915C3FF4D8AE4FF07E
:1005400003025FEADC0C18BF03325FEADC0C18BF61
:10055000033202EBDC02C2F1200300FA03FC20FAB2
:1005600002F001FA03FE40EA0E0021FA02F11444FF
:10057000BDE600BF70B54FF0FF0C4CF4E06C1CEA18
:1005800011541DBF1CEA135594EA0C0F95EA0C0F89
:1005900000F0DEF82C4481EA030621EA4C5123EAFC
:1005A0004C5350EA013518BF52EA033541F480112B
:1005B00043F4801338D0A0FB02CE4FF00005E1FBDE
:1005C00002E506F00042E0FB03E54FF00006E1FB28
:1005D00003569CF0000F18BF4EF0010EA4F1FF046B
:1005E000B6F5007F64F5407404D25FEA4E0E6D41AB
:1005F00046EB060642EAC62141EA55514FEAC520BC
:1006000040EA5E504FEACE2EB4F1FD0C88BFBCF537
:10061000E06F1ED8BEF1004F08BF5FEA500E50F1E8
:10062000000041EB045170BD06F0004646EA0101AE
:1006300040EA020081EA0301B4EB5C04C2BFD4EBE0
:100640000C0541EA045170BD41F480114FF0000ED9
:10065000013C00F3AB8014F1360FDEBF002001F047
:10066000004170BDC4F10004203C35DA0C341BDCC1
:1006700004F11404C4F1200500FA05F320FA04F093
:1006800001FA05F240EA020001F0004221F00041C7
:1006900010EBD37021FA04F642EB06015EEA430E3A
:1006A00008BF20EAD37070BDC4F10C04C4F120056A
:1006B00000FA04F320FA05F001FA04F240EA02001D
:1006C00001F0004110EBD37041F100015EEA430EEE
:1006D00008BF20EAD37070BDC4F1200500FA05F20E
:1006E0004EEA020E20FA04F301FA05F243EA02038D
:1006F00021FA04F001F0004121FA04F220EA02009C
:1007000000EBD3705EEA430E08BF20EAD37070BDE1
:1007100094F0000F0FD101F00046400041EB0101C1
:1007200011F4801F08BF013CF7D041EA060195F0A3
:10073000000F18BF704703F00046520043EB03035D
:1007400013F4801F08BF013DF7D043EA060370474A
:1007500094EA0C0F0CEA135518BF95EA0C0F0CD055
:1007600050EA410618BF52EA4306D1D181EA03019B
:1007700001F000414FF0000070BD50EA410606BF95
:100780001046194652EA430619D094EA0C0F02D1DA
:1007900050EA013613D195EA0C0F05D152EA03361F
:1007A0001CBF104619460AD181EA030101F000413D
:1007B00041F0FE4141F470014FF0000070BD41F086
:1007C000FE4141F4780170BD70B54FF0FF0C4CF460
:1007D000E06C1CEA11541DBF1CEA135594EA0C0F7F
:1007E00095EA0C0F00F0A7F8A4EB050481EA030ECC
:1007F00052EA03354FEA013100F088804FEA0333B3
:100800004FF0805545EA131343EA12634FEA022280
:1008100045EA111545EA10654FEA00260EF0004141
:100820009D4208BF964244F1FD0404F5407402D293
:100830005B084FEA3202B61A65EB03055B084FEA24
:1008400032024FF480104FF4002CB6EB020E75EB21
:10085000030E22BFB61A754640EA0C005B084FEA49
:100860003202B6EB020E75EB030E22BFB61A7546C6
:1008700040EA5C005B084FEA3202B6EB020E75EB11
:10088000030E22BFB61A754640EA9C005B084FEA89
:100890003202B6EB020E75EB030E22BFB61A754696
:1008A00040EADC0055EA060E18D04FEA051545EA85
:1008B00016754FEA06164FEAC30343EA52734FEA2E
:1008C000C2025FEA1C1CC0D111F4801F0BD141EAA7
:1008D00000014FF000004FF0004CB6E711F4801F0C
:1008E00004BF01430020B4F1FD0C88BFBCF5E06FEC
:1008F0003FF6AFAEB5EB030C04BFB6EB020C5FEAFC
:10090000500C50F1000041EB045170BD0EF0004E50
:100910004EEA113114EB5C04C2BFD4EB0C0541EA82
:10092000045170BD41F480114FF0000E013C90E67F
:1009300045EA060E8DE60CEA135594EA0C0F08BF43
:1009400095EA0C0F3FF43BAF94EA0C0F0AD150EA42
:1009500001347FF434AF95EA0C0F7FF425AF1046D5
:1009600019462CE795EA0C0F06D152EA03353FF4FD
:10097000FDAE1046194622E750EA410618BF52EA7A
:1009800043067FF4C5AE50EA41047FF40DAF52EA4E
:1009900043057FF4EBAE12E74FF0FF3C06E000BFEB
:1009A0004FF0010C02E000BF4FF0010C4DF804CDF8
:1009B0004FEA410C7FEA6C5C4FEA430C18BF7FEAB8
:1009C0006C5C1BD001B050EA410C0CBF52EA430CE6
:1009D00091EA030F02BF90EA020F0020704710F166
:1009E000000F91EA030F58BF994208BF90422CBFF5
:1009F000D8176FEAE37040F0010070474FEA410CEE
:100A00007FEA6C5C02D150EA013C07D14FEA430C0B
:100A10007FEA6C5CD6D152EA033CD3D05DF8040B7C
:100A2000704700BF8446104662468C4619466346AE
:100A300000E000BF01B5FFF7B7FF002848BF10F185
:100A4000000F01BD4DF808EDFFF7F4FF0CBF0120CA
:100A500000205DF808FB00BF4DF808EDFFF7EAFF46
:100A600034BF012000205DF808FB00BF4DF808ED01
:100A7000FFF7E0FF94BF012000205DF808FB00BFF6
:100A80004DF808EDFFF7CEFF94BF012000205DF880
:100A900008FB00BF4DF808EDFFF7C4FF34BF01208D
:100AA00000205DF808FB00BF4FEA410C7FEA6C5C58
:100AB00002D150EA013C0AD14FEA430C7FEA6C5C58
:100AC00002D152EA033C02D14FF0000070474FF0D0
:100AD000010070474FEA410212F5001215D211D5FC
:100AE0006FF47873B3EB625212D94FEAC12343F02B
:100AF000004343EA505311F0004F23FA02F018BFAD
:100B0000404270474FF00000704750EA013005D175
:100B100011F0004008BF6FF0004070474FF0000038
:100B2000704700BF00F024F80B480C490C4A002322
:100B300002E0D458C4500433C4188C42F9D3094A93
:100B4000094C002301E013600432A242FBD302F0FF
:100B500043FA00F03FFB704700000020D806002059
:100B60000C9A0008D8060020581D0020FEE700005F
:100B700080B400AF2F4B1B682E4A43F480331360C0
:100B800000BF2C4B1B6803F40033002BF9D02A4B19
:100B90001B68294A43F010031360274B1B68264A41
:100BA00023F007031360244B1B68234A43F004031C
:100BB0001360204B1F4A5B6853601E4B5B681D4AE5
:100BC00043F4806353601B4B1A4A5B685360194BB4
:100BD0005B68184A23F47C135360164B5B68154A14
:100BE00043F4E8135360134B1B68124A43F08073BD
:100BF000136000BF0F4B1B6803F00073002BF9D08C
:100C00000C4B5B680B4A23F003035360094B5B6892
:100C1000084A43F00203536000BF064B5B6803F0D1
:100C20000C03082BF9D1054B054A1A6000BFBD46DD
:100C300080BC7047001002400020024000000020ED
:100C400000A24A0480B485B000AF0023FB600023FB
:100C5000BB6000237B602F4B5B6803F00C03FB60E1
:100C6000FB68082B11D0FB68082B3AD8FB68002BD7
:100C700003D0FB68042B04D033E0274B274A1A60CB
:100C800033E0254B254A1A602FE0224B5B6803F4C2
:100C90007013BB601F4B5B6803F480337B60BB68E1
:100CA0009B0C0233BB607B68002B06D1BB681C4ADF
:100CB00002FB03F3184A136017E0164B5B6803F45A
:100CC0000033002B06D0BB68154A02FB03F3124A1F
:100CD00013600AE0BB68114A02FB03F30E4A13607B
:100CE00003E00D4B0D4A1A6000BF0A4B5B681B09FD
:100CF00003F00F030B4AD35CFB60074B1A68FB68D9
:100D000022FA03F3044A136000BF1437BD4680BCC7
:100D1000704700BF001002400000002000127A005F
:100D200000093D006C96000880B483B000AF786085
:100D300000BFFDE780B483B000AF78604FF0FF33B1
:100D400018460C37BD4680BC704780B483B000AFF6
:100D5000786039603B684FF400525A6000231846AF
:100D60000C37BD4680BC704780B483B000AF78605C
:100D7000012318460C37BD4680BC704780B485B04F
:100D800000AFF860B9607A60002318461437BD469A
:100D900080BC704780B485B000AFF860B9607A60FD
:100DA000002318461437BD4680BC704780B485B018
:100DB00000AFF860B9607A607B6818461437BD46AA
:100DC00080BC704780B485B000AF78600A4B1B6868
:100DD000002B02D1084B094A1A60074B1B68FB60C5
:100DE000054B1A687B681344034A1360FB68184676
:100DF0001437BD4680BC7047D8060020581D00201F
:100E000080B483B000AF78603960054B16221A6059
:100E10004FF0FF3318460C37BD4680BC704700BF0B
:100E2000DC1B002080B400AF01231846BD4680BC07
:100E3000704780B400AF00BFBD4680BC7047000063
:100E400080B483B000AF0346FB7197F90730002BE5
:100E50000BDBFB7903F01F02064997F907305B09AA
:100E6000012000FA02F241F8232000BF0C37BD46F2
:100E700080BC704700E100E080B483B000AF03465F
:100E80003960FB7197F90730002B0ADB3B68DAB257
:100E90000C4997F907301201D2B20B4483F80023B2
:100EA0000AE03B68DAB20849FB7903F00F03043B20
:100EB0001201D2B20B441A7600BF0C37BD4680BC7B
:100EC000704700BF00E100E000ED00E080B400AF3B
:100ED000114B9B69104A43F4804343F00403936130
:100EE0000E4B5B680D4A23F0F00353600B4B5B68BD
:100EF0000A4A43F0B0035360094B40F271229A60F2
:100F0000074BDB68064A43F4005343F00803D36001
:100F100000BFBD4680BC7047001002400008014081
:100F20000038014080B483B000AF0346FB7100BFBE
:100F3000064B1B6803F08003002BF9D0034AFB79B2
:100F4000536000BF0C37BD4680BC7047003801407D
:100F500080B582B000AF786006E07B685A1C7A608A
:100F60001B781846FFF7DEFF7B681B78002BF4D157
:100F700000BF00BF0837BD4680BD000080B582B00D
:100F800000AF304B9B692F4A43F4017393612D4BA3
:100F90005B682C4A23F4404353602A4B5B68294A20
:100FA00043F400435360284B1B68274A23F4702303
:100FB0001360264B0022DA62244B04225A63234B2F
:100FC0001B69224A43F4E0431361204B5B681F4ACC
:100FD00043F0200353601D4B9B681C4A43F0010300
:100FE000936000237B6002E07B6801337B607B6859
:100FF00041F287329342F7DD144B9B68134A43F06A
:101000000803936000BF114B9B6803F00803002B9B
:10101000F9D10E4B9B680D4A43F00403936000BF67
:101020000A4B9B6803F00403002BF9D10621122020
:10103000FFF722FF1220FFF703FF00BF0837BD466E
:1010400080BD00BF001002400008014000240140A4
:1010500080B582B000AF00237B60144B1B6803F0A7
:101060000203002B12D0114BDB6C9BB2C3F30B03BA
:101070009AB20F4B1A800F4B1B68002B06D00D4BFA
:101080001B683A1D1146184600F014FB7B68002BC4
:1010900007D0094B4FF080521A60BFF34F8FBFF358
:1010A0006F8F00BF0837BD4680BD00BF00240140E0
:1010B000E4060020DC06002004ED00E080B586B0E8
:1010C00000AF786001F0BCF803463B6164237B61AC
:1010D000134B9B68124A43F001039360114B1B684A
:1010E0003221184600F0E4FB0346012B11D10E4BD0
:1010F0001B889BB2FB810D4B186807F10E01002382
:10110000002200F02DFA0A4BDB68094A83F40053F1
:10111000D36007F110037969184600F0C1FED7E7E4
:1011200000240140DC060020E4060020E006002048
:101130000010014080B598B002AF78600023A7F896
:101140004A30204B1B6807F14A014FF0FF32184626
:1011500000F00CFB0346012BF3D1B7F84A301A46D6
:1011600040F6E44303FB02F2174BA3FB0213D21A2F
:1011700052081344DB0A7B657B6D144AA2FB0323F0
:101180009B093B657B6D114AA2FB031292094FF448
:101190007A7101FB02F29B1AFB64B7F84A301A46D7
:1011A00007F10800FB6C01933B6D00931346084A5E
:1011B000402101F07DFE07F108031846FFF7C8FE45
:1011C000BFE700BFE006002001011000D34D621010
:1011D000D095000880B582B002AFFFF733FD284BF1
:1011E0009B69274A43F010039361264B5B68254AAD
:1011F00023F440035360234B5B68224A43F480137B
:101200005360204B4FF400521A61FFF75FFEFFF767
:10121000B5FE1D48FFF79CFE03220021012000F0CF
:1012200041F90346194A136000220221082000F008
:1012300039F90346164A1360144B1B68002B1CD067
:10124000134B1B68002B18D000230193022300933B
:1012500000234FF480720F490F4800F005FD002372
:1012600001930123009300234FF480720B490C4833
:1012700000F0FAFC00F0B0FE00BF00BFFDE700BFC9
:101280000010024000100140F8950008DC06002024
:10129000E006002044960008BD100008549600089F
:1012A0003511000880B483B000AF78607B6803F12B
:1012B00008027B685A607B684FF0FF329A607B6857
:1012C00003F108027B68DA607B6803F108027B683F
:1012D0001A617B6800221A6000BF0C37BD4680BCD3
:1012E000704780B483B000AF78607B6800221A61D9
:1012F00000BF0C37BD4680BC704780B485B000AFDE
:10130000786039603B681B68BB60BB68B3F1FF3F26
:1013100003D17B681B69FB600CE07B680833FB60D2
:1013200002E0FB685B68FB60FB685B681B68BA688F
:101330009A42F6D2FB685A683B685A603B685B6821
:101340003A689A603B68FA689A60FB683A685A6043
:101350003B687A681A617B681B685A1C7B681A6054
:1013600000BF1437BD4680BC704780B485B000AF65
:1013700078607B681B69FB607B685B687A68926851
:101380009A607B689B687A6852685A60FB685B6801
:101390007A689A4203D17B689A68FB685A607B68D6
:1013A00000221A61FB681B685A1EFB681A60FB6802
:1013B0001B6818461437BD4680BC704780B584B0A2
:1013C00000AF786039600123FB607B68BB60BB685D
:1013D000002B5DD0BB68DB6B002B59D0BB681A6C4F
:1013E000BB68DB6B0021A3FB0223002B00D0012193
:1013F0000B46002B4CD101F0C7FCBB681A68BB68D8
:10140000DB6BB968096C01FB03F31A44BB689A6093
:10141000BB6800229A63BB681A68BB685A60BB68E5
:101420001A68BB68DB6B013BB968096C01FB03F30D
:101430001A44BB68DA60BB68FF2283F84420BB68AB
:10144000FF2283F845203B68002B14D1BB681B6941
:10145000002B1AD0BB681033184601F06DF8034614
:10146000002B12D00E4B4FF080521A60BFF34F8FFB
:10147000BFF36F8F09E0BB6810331846FFF712FF08
:10148000BB6824331846FFF70DFF01F097FC01E01D
:101490000023FB60FB6818461037BD4680BD00BFC7
:1014A00004ED00E080B58AB002AFF860B960134681
:1014B000FB710023FB61FB68002B2DD00021BA6873
:1014C000FB68A3FB0223002B00D001210B46002B5D
:1014D00022D1FB68BA6802FB03F313F1490F1BD852
:1014E000FB68BA6802FB03F3BB61BB69483318466B
:1014F00001F014FAF861FB69002B0DD0FB697B61E8
:101500007B6948337B61FA79FB69009313467A69FA
:10151000B968F86800F005F8FB6918462037BD4641
:1015200080BD80B584B000AFF860B9607A60FB70B0
:10153000BB68002B03D1BB69BA691A6002E0BB69C2
:101540007A681A60BB69FA68DA63BB69BA681A64B8
:101550000121B869FFF732FF00BF1037BD4680BDDB
:1015600080B58AB000AFF860B9607A603B60002354
:101570007B62FB683B6201F007FC3B6A9A6B3B6A4B
:10158000DB6B9A4202D33B68022B29D13A68B968D7
:10159000386A00F02BFAF8613B6A5B6A002B10D0C6
:1015A0003B6A2433184600F0C7FF0346002B13D0D4
:1015B0003F4B4FF080521A60BFF34F8FBFF36F8FD6
:1015C0000AE0FB69002B07D0394B4FF080521A60BC
:1015D000BFF34F8FBFF36F8F01F0F0FB012363E088
:1015E0007B68002B03D101F0E9FB00235CE07B6A00
:1015F000002B06D107F11403184601F067F8012308
:101600007B6201F0DBFB00F015FD01F0BDFB3B6AE6
:1016100093F844305BB2B3F1FF3F03D13B6A002241
:1016200083F844203B6A93F845305BB2B3F1FF3F47
:1016300003D13B6A002283F8452001F0BFFB3A1D2D
:1016400007F114031146184601F056F80346002B23
:1016500024D1386A00F0B4FA0346002B18D03B6A54
:1016600010337A681146184600F050FF386A00F0CF
:101670003FFA00F0EDFC0346002B7FF47CAF0C4BEF
:101680004FF080521A60BFF34F8FBFF36F8F72E736
:10169000386A00F02DFA00F0DBFC6CE7386A00F0E5
:1016A00027FA00F0D5FC002318462837BD4680BD38
:1016B00004ED00E080B58CB000AF786039607B68E5
:1016C000BB62EFF311824FF0BF0383F31188BFF3C6
:1016D0006F8FBFF34F8F7A613B617B697B62BB6A1F
:1016E0009B6B3B62BB6ADB6B3A6A9A4231D2BB6A44
:1016F00093F84530FB773B6A5A1CBB6A9A6397F9AB
:101700001F30B3F1FF3F12D1BB6A5B6A002B1DD0C3
:10171000BB6A2433184600F00FFF0346002B15D098
:101720003B68002B12D03B6801221A600EE000F0EB
:1017300095FDB86197F91F30BA699A4206D9FB7FC7
:101740000133DBB25AB2BB6A83F845200123FB6246
:1017500001E00023FB627B6AFB60FB6883F3118876
:1017600000BFFB6A18463037BD4680BD80B58AB0E1
:1017700000AFF860B9607A6000237B62FB683B626F
:1017800001F002FB3B6A9B6BFB61FB69002B1FD0E6
:10179000B968386A00F086F9FB695A1E3B6A9A6399
:1017A0003B6A1B69002B0FD03B6A1033184600F0D0
:1017B000C3FE0346002B07D03C4B4FF080521A600B
:1017C000BFF34F8FBFF36F8F01F0F8FA012369E089
:1017D0007B68002B03D101F0F1FA002362E07B6A01
:1017E000002B06D107F11403184600F06FFF012308
:1017F0007B6201F0E3FA00F01DFC01F0C5FA3B6AE0
:1018000093F844305BB2B3F1FF3F03D13B6A00224F
:1018100083F844203B6A93F845305BB2B3F1FF3F55
:1018200003D13B6A002283F8452001F0C7FA3A1D34
:1018300007F114031146184600F05EFF0346002B23
:1018400023D1386A00F0A6F90346002B17D03B6A73
:1018500024337A681146184600F058FE386A00F0C2
:1018600047F900F0F5FB0346002B89D10F4B4FF0F1
:1018700080521A60BFF34F8FBFF36F8F80E7386AD3
:1018800000F036F900F0E4FB7AE7386A00F030F94E
:1018900000F0DEFB386A00F07DF90346002B3FF4D0
:1018A0006FAF002318462837BD4680BD04ED00E029
:1018B00080B588B000AF786039600023FB617B6839
:1018C000BB6101F061FABB699B6B7B617B69002B9B
:1018D0001BD07B695A1EBB699A63BB691B69002BCD
:1018E0000FD0BB691033184600F026FE0346002BCC
:1018F00007D03D4B4FF080521A60BFF34F8FBFF3BC
:101900006F8F01F05BFA012369E03B68002B03D184
:1019100001F054FA002362E0FB69002B06D107F1C5
:101920000C03184600F0D2FE0123FB6101F046FAD9
:1019300000F080FB01F028FABB6993F844305BB2F9
:10194000B3F1FF3F03D1BB69002283F84420BB6998
:1019500093F845305BB2B3F1FF3F03D1BB6900227E
:1019600083F8452001F02AFA3A4607F10C031146A4
:10197000184600F0C1FE0346002B23D1B86900F0E1
:1019800009F90346002B17D0BB6924333A68114686
:10199000184600F0BBFDB86900F0AAF800F058FB4B
:1019A0000346002B8DD1104B4FF080521A60BFF3CD
:1019B0004F8FBFF36F8F84E7B86900F099F800F09C
:1019C00047FB7EE7B86900F093F800F041FBB86987
:1019D00000F0E0F80346002B3FF473AF00231846F5
:1019E0002037BD4680BD00BF04ED00E080B586B065
:1019F00000AFF860B9607A6000233B61FB689B6BC5
:101A00007B61FB681B6C002B43D07B68002B19D1DA
:101A1000FB685868FB681B6C1A46B968FEF778FBD0
:101A2000FB685A68FB681B6C1A44FB685A60FB68C9
:101A30005A68FB689B689A422BD3FB681A68FB685C
:101A40005A6026E0FB68D868FB681B6C1A46B968C8
:101A5000FEF75EFBFB68DA68FB681B6C5B421A44AE
:101A6000FB68DA60FB68DA68FB681B689A4207D299
:101A7000FB689A68FB681B6C5B421A44FB68DA607F
:101A80007B68022B05D17B69002B02D07B69013B6F
:101A90007B617B695A1CFB689A633B69184618375F
:101AA000BD4680BD80B582B000AF786039607B688C
:101AB0001B6C002B18D07B68DA687B681B6C1A449F
:101AC0007B68DA607B68DA687B689B689A4203D33C
:101AD0007B681A687B68DA607B68D9687B681B6CF6
:101AE0001A463868FEF714FB00BF0837BD4680BDB4
:101AF00080B584B000AF786001F046F97B6893F858
:101B00004530FB7311E07B685B6A002B12D07B6869
:101B10002433184600F010FD0346002B01D000F0DE
:101B20002DFEFB7B013BDBB2FB7397F90F30002BE3
:101B3000E9DC00E000BF7B68FF2283F8452001F06C
:101B40003DF901F021F97B6893F84430BB7311E053
:101B50007B681B69002B12D07B681033184600F09D
:101B6000EBFC0346002B01D000F008FEBB7B013BE1
:101B7000DBB2BB7397F90E30002BE9DC00E000BF4D
:101B80007B68FF2283F8442001F018F900BF10376A
:101B9000BD4680BD80B584B000AF786001F0F4F838
:101BA0007B689B6B002B02D10123FB6001E00023CB
:101BB000FB6001F003F9FB6818461037BD4680BD95
:101BC00080B584B000AF786001F0DEF87B689A6B76
:101BD0007B68DB6B9A4202D10123FB6001E00023AA
:101BE000FB6001F0EBF8FB6818461037BD4680BD7E
:101BF00080B58AB004AFF860B9607A603B607B68FA
:101C00009B00184600F08AFE38613B69002B13D018
:101C10004C2000F083FE78617B69002B08D04C22B9
:101C20000021786901F08AF97B693A691A6305E055
:101C3000386900F021FF01E000237B617B69002B04
:101C40000DD0002303937B6902937B6A01933B6A67
:101C500000933B687A68B968F86800F028F87B69F7
:101C600018461837BD4680BD80B588B002AFF86011
:101C7000B9607A603B607B6A01933B6A00933B6882
:101C80007A68B968F868FFF7B3FF38613B69002BE1
:101C900005D0386900F070F801237B6102E04FF055
:101CA000FF337B617B6918461837BD4680BD80B520
:101CB00086B000AFF860B9607A603B60BB6A1A6BAF
:101CC0007B6803F18043013B9B0013443B613B690C
:101CD00023F007033B61BB68002B1ED000237B6110
:101CE00012E0BA687B6913441978BA6A7B691344B5
:101CF00034330A461A70BA687B6913441B78002B88
:101D000006D07B6901337B617B690F2BE9D900E049
:101D100000BFBB6A002283F843203B6A042B01D931
:101D200004233B62BB6A3A6ADA62BB6A0433184630
:101D3000FFF7D7FABB6A18331846FFF7D2FABB6A27
:101D4000BA6A1A613B6AC3F10502BB6A9A61BB6A4F
:101D5000BA6A5A623A68F968386900F079FF02464F
:101D6000BB6A1A607B6A002B02D07B6ABA6A1A606F
:101D700000BF1837BD4680BD80B584B000AF786025
:101D800001F002F83F4B1B6801333E4A13603E4BA3
:101D90001B68002B09D13C4A7B681360394B1B68D8
:101DA000012B10D100F00EFD0DE0384B1B68002B0D
:101DB00009D1354B1B68DA6A7B68DB6A9A4202D824
:101DC000314A7B681360324B1B680133304A136021
:101DD0007B68DB6A01229A402E4B1B6813432D4A15
:101DE00013607B68DA6A2C4913469B0013449B00FE
:101DF0000B4404331B68FB607B68FA689A60FB68DD
:101E00009A687B68DA60FB689B687A6804325A607B
:101E10007B681A1DFB689A607B68DA6A13469B0030
:101E200013449B001C4A1A447B685A617B68DA6A37
:101E3000194913469B0013449B000B441B687A68A6
:101E4000D26A591C144813469B0013449B00034458
:101E5000196000F0B3FF0D4B1B68002B0ED00A4B2E
:101E60001B68DA6A7B68DB6A9A4207D20B4B4FF039
:101E700080521A60BFF34F8FBFF36F8F00BF1037D0
:101E8000BD4680BD94070020E8060020A007002082
:101E9000B00700209C070020EC06002004ED00E0C5
:101EA00080B586B000AF7860396000237B6100F0B8
:101EB000C1F8224B1B683B617B681B683A6813447E
:101EC000FB607B681B683A699A420BD27B681B688F
:101ED000FA689A4211D2FA683B699A420DD90123F5
:101EE0007B610AE07B681B68FA689A4203D3FA6850
:101EF0003B699A4201D901237B617B68FA681A60C9
:101F00007B69002B06D0FA683B69D31A002118467A
:101F100000F0AEFC00F09CF8B860BB68002B07D165
:101F2000074B4FF080521A60BFF34F8FBFF36F8F94
:101F30007B6918461837BD4680BD00BF9807002052
:101F400004ED00E080B58AB002AF0123FB610023FD
:101F50003B6100237B6111E01C4A7B6913441978C3
:101F60003A467B6913440A461A703A467B69134421
:101F70001B78002B06D07B6901337B617B690F2BBB
:101F8000EADD00E000BF0023BB6115E0104B3B61C0
:101F9000BB699B000F4A1344394601930023009309
:101FA000002380223869FFF75FFEF861FB69002B90
:101FB00006D0BB690133BB61BB69002BE6DD00E0E5
:101FC00000BFFB6918462037BD4680BD64960008F7
:101FD00095270008B807002080B582B000AFFFF752
:101FE000B1FF78607B68012B15D14FF0BF0383F3FD
:101FF0001188BFF36F8FBFF34F8F3B6000BF094B5A
:102000004FF0FF321A60084B01221A60074B002282
:102010001A6000F08BFE064B1B6800BF0837BD46F8
:1020200080BD00BFB4070020A00700209807002053
:102030007C96000880B400AF044B1B680133034A50
:10204000136000BFBD4680BC704700BFBC070020C6
:1020500080B588B000AF0023FB610023BB6100F0B6
:1020600093FE00233B616D4B1B68013B6B4A136081
:102070006A4B1B68002B40F0CA80694B1B68002B21
:1020800000F0C5808EE0674BDB68DB68FB61FB69B5
:102090009B6AFB60FB69DB69FA69126A9A60FB69FB
:1020A0001B6AFA69D2695A60FB685A68FB6918337F
:1020B0009A4203D1FB691A6AFB685A60FB690022E5
:1020C0009A62FB681B685A1EFB681A60FB695B69B1
:1020D000BB60FB699B68FA69D2689A60FB69DB6840
:1020E000FA6992685A60BB685A68FB6904339A427D
:1020F00003D1FB69DA68BB685A60FB6900225A6148
:10210000BB681B685A1EBB681A60FB69DB6A012248
:102110009A40454B1B681343434A1360FB69DA6AD4
:10212000424913469B0013449B000B4404331B6835
:102130007B60FB697A689A607B689A68FB69DA6001
:102140007B689B68FA6904325A60FB691A1D7B68D8
:102150009A60FB69DA6A13469B0013449B00334A7A
:102160001A44FB695A61FB69DA6A304913469B00DD
:1021700013449B000B441B68FA69D26A591C2B4814
:1021800013469B0013449B0003441960FB69DA6A01
:10219000274B1B68DB6A9A4204D9264A3B69012116
:1021A00042F823101F4B1B68002B7FF46CAFFB69B8
:1021B000002B01D000F042FB1F4B1B687B617B6949
:1021C000002B12D000F054F80346002B04D0194A1B
:1021D0003B69012142F823107B69013B7B617B69EC
:1021E000002BEFD1144B00221A60124A3B6952F8BF
:1021F0002330002B0BD00123BB610D4B1B680F4B11
:102200004FF080521A60BFF34F8FBFF36F8F00F013
:10221000D5FDBB6918462037BD4680BDBC070020F0
:1022200094070020800700209C070020EC06002077
:10223000E8060020A8070020A407002004ED00E025
:1022400080B483B000AF044B1B687B607B6818468A
:102250000C37BD4680BC70479807002080B400AFA3
:10226000024B1B681846BD4680BC7047940700208F
:1022700080B588B000AF0023FB61764B1B68002B54
:1022800040F0DE80744B1B680133BB61724ABB694E
:102290001360BB69002B10D1704B1B687B61704BC6
:1022A0001B686E4A13606E4A7B6913606D4B1B6836
:1022B00001336C4A136000F0C1FA6B4B1B68BA69BA
:1022C0009A42C0F0A880654B1B681B68002B04D1A4
:1022D000654B4FF0FF321A609DE0604B1B68DB6876
:1022E000DB683B613B695B68FB60BA69FB689A42EB
:1022F00003D25D4AFB6813608DE03B695B69BB609C
:102300003B699B683A69D2689A603B69DB683A69C5
:1023100092685A60BB685A683B6904339A4203D199
:102320003B69DA68BB685A603B6900225A61BB6846
:102330001B685A1EBB681A603B699B6A002B1ED043
:102340003B699B6A7B603B69DB693A69126A9A6008
:102350003B691B6A3A69D2695A607B685A683B6973
:1023600018339A4203D13B691A6A7B685A603B6909
:1023700000229A627B681B685A1E7B681A603B6960
:10238000DB6A01229A40394B1B681343374A1360BA
:102390003B69DA6A364913469B0013449B000B44A1
:1023A00004331B683B603B693A689A603B689A68F3
:1023B0003B69DA603B689B683A6904325A603B6962
:1023C0001A1D3B689A603B69DA6A13469B00134406
:1023D0009B00274A1A443B695A613B69DA6A2449DF
:1023E00013469B0013449B000B441B683A69D26A56
:1023F000591C1F4813469B0013449B00034419605B
:102400003B69DA6A1B4B1B68DB6A9A427FF65BAF5B
:102410000123FB6157E7174B1B68DA6A144913461F
:102420009B0013449B000B441B68012B01D9012323
:10243000FB61114B1B68002B07D00123FB6104E0FB
:102440000E4B1B6801330D4A1360FB691846203799
:10245000BD4680BDBC0700209807002078070020FB
:102460007C070020AC070020B40700209C07002058
:10247000EC060020E8060020A8070020A4070020A2
:1024800080B485B000AF1C4B1B68002B03D01B4BE6
:1024900001221A602BE0194B00221A60184B1B68AE
:1024A0007B607B68B3FA83F3FB70FB78C3F11F0397
:1024B000FB60FA6813469B0013449B00114A1344C7
:1024C000BB60BB685B685A68BB685A60BB685A6887
:1024D000BB6808339A4203D1BB68DA68BB685A60AC
:1024E000BB685B68DB68084A1360074B1B6800BF6A
:1024F0001437BD4680BC7047BC070020A8070020E9
:102500009C070020EC060020E806002080B582B081
:1025100000AF78603960074B1B681833194678683C
:10252000FEF7EBFE0121386800F0A2F900BF083782
:10253000BD4680BDE806002080B489B000AF786059
:102540007B68DB68DB68BB61BB699B6A7B61BB69DD
:10255000DB69BA69126A9A60BB691B6ABA69D26997
:102560005A607B695A68BB6918339A4203D1BB69C8
:102570001A6A7B695A60BB6900229A627B691B6890
:102580005A1E7B691A604B4B1B68002B60D1BB69DC
:102590005B69FB60BB699B68BA69D2689A60BB697A
:1025A000DB68BA6992685A60FB685A68BB69043391
:1025B0009A4203D1BB69DA68FB685A60BB690022A2
:1025C0005A61FB681B685A1EFB681A60BB69DB6AAC
:1025D00001229A40384B1B681343374A1360BB698A
:1025E000DA6A364913469B0013449B000B440433BC
:1025F0001B68BB60BB69BA689A60BB689A68BB69B4
:10260000DA60BB689B68BA6904325A60BB691A1DFC
:10261000BB689A60BB69DA6A13469B0013449B004F
:10262000264A1A44BB695A61BB69DA6A23491346D0
:102630009B0013449B000B441B68BA69D26A591C67
:102640001E4813469B0013449B00034419601BE083
:102650001B4B5B683B61BB693A69DA613B699A680D
:10266000BB691A623B699B68BA6918325A60BB69D8
:1026700003F118023B699A60BB69114A9A62104BD8
:102680001B6801330E4A1360BB69DA6A0D4B1B6885
:10269000DB6A9A4205D90123FB610B4B01221A60C8
:1026A00001E00023FB61FB6918462437BD4680BC6E
:1026B000704700BFBC0700209C070020EC060020EC
:1026C00080070020E8060020A807002080B483B01F
:1026D00000AF7860064B1A687B681A60054B1A6871
:1026E0007B685A6000BF0C37BD4680BC704700BF96
:1026F000AC0700209807002080B586B000AF786056
:10270000396000F041FB1B4B1B683B617B685B68D9
:102710003A69D31AFB607B681A68174B1B689A42A8
:102720000AD07B685B683A699A4205D301237B61D2
:102730003B6800221A6015E03B681B68FA689A4201
:102740000BD23B681A68FB68D21A3B681A6078683B
:10275000FFF7BCFF00237B6104E03B6800221A60A6
:1027600001237B6100F02AFB7B6918461837BD46C0
:1027700080BD00BF98070020AC07002080B400AFE8
:10278000034B01221A6000BFBD4680BC704700BFEA
:10279000A807002080B582B000AF786000F048F84C
:1027A000064B1B68012BF9D9054B4FF080521A607C
:1027B000BFF34F8FBFF36F8FF0E700BFEC06002031
:1027C00004ED00E080B582B000AF00237B600CE038
:1027D0007A6813469B0013449B000F4A1344184623
:1027E000FEF760FD7B6801337B607B68042BEFD9CB
:1027F0000A48FEF757FD0A48FEF754FD0948FEF760
:1028000051FD094B054A1A60084B054A1A6000BF82
:102810000837BD4680BD00BFEC06002050070020F1
:102820006407002080070020780700207C07002034
:1028300080B400AF00BFBD4680BC704780B400AF1D
:10284000094B1B681B68002B04D1084B4FF0FF326B
:102850001A6005E0044B1B68DB681B68034A1360C1
:1028600000BFBD4680BC704778070020B407002039
:1028700080B586B000AF78603960224B1B687B6101
:10288000214B1B683B61214B1B68FB60204B1B6885
:1028900004331846FEF769FD0346002B0BD11C4B91
:1028A0001B68DB6A012202FA03F3DA43194B1B6847
:1028B0001340184A13607A697B681344BB60144B59
:1028C0001B68BA685A60BA687B699A4207D2104B93
:1028D0001B6804331946F868FEF70FFD0EE00C4B39
:1028E0001B68043319463869FEF707FD0A4B1B685D
:1028F000BA689A4202D2084ABB68136000BF183710
:10290000BD4680BD98070020780700207C07002086
:10291000E80600209C070020B407002080B588B09E
:1029200000AF786000237B617B68002B22D00823F6
:10293000DB437A689A421BD808227B6813447B6089
:102940007B6803F00703002B14D07B6803F00703B8
:10295000C3F108033B613B69DB437A689A4204D8C0
:102960007A683B6913447B6004E000237B6001E0EC
:1029700000237B60FFF75EFB3A4B1B68002B01D105
:1029800000F0B4F87B68002B64DB7B68002B61D01F
:10299000354B1B687A689A425CD8344BBB61334B29
:1029A0001B68FB6104E0FB69BB61FB691B68FB61A1
:1029B000FB695B687A689A4203D9FB691B68002B44
:1029C000F1D1284B1B68FA699A4243D0BB691B6856
:1029D000082213447B61FB691A68BB691A60FB69B2
:1029E0005A687B68D21A08235B009A4213D9FA69A5
:1029F0007B681344FB60FB695A687B68D21AFB68EA
:102A00005A60FB697A685A60BB691A68FB681A6089
:102A1000BB69FA681A60144B1A68FB695B68D31AC1
:102A2000114A1360104B1A68114B1B689A4203D26B
:102A30000D4B1B680E4A1360FB695B6843F0004254
:102A4000FB695A60FB6900221A600A4B1B6801335C
:102A5000084A1360FFF7FCFA7B6918462037BD4629
:102A600080BD00BFC81B0020CC1B0020C01B002065
:102A7000D01B0020D41B002080B584B000AF78604C
:102A80007B68FB607B68002B27D008235B42FA68D9
:102A90001344FB60FB68BB60BB685B68002B1CDAFF
:102AA000BB681B68002B18D1BB685B6823F0004231
:102AB000BB685A60FFF7BEFABB685A68094B1B68CF
:102AC0001344084A1360B86800F06AF8064B1B68A4
:102AD0000133054A1360FFF7BBFA00BF1037BD464C
:102AE00080BD00BFCC1B0020D81B002080B485B067
:102AF00000AF4FF4A053BB60244BFB60FB6803F0B6
:102B00000703002B0CD0FB680733FB60FB6823F046
:102B10000703FB60BA68FB68D31A1C4A1344BB6006
:102B2000FB681B4A13601A4B00225A60FA68BB68A4
:102B300013447B6008227B689B1A7B607B6823F0D0
:102B400007037B607B68134A1360124B1B680022EB
:102B50005A60104B1B6800221A60FB683B603B68A0
:102B60007A68D21A3B685A600A4B1A683B681A6046
:102B70003B685B68084A13603B685B68074A136000
:102B800000BF1437BD4680BC704700BFC00700209F
:102B9000C01B0020C81B0020D01B0020CC1B002025
:102BA00080B485B000AF7860274BFB6002E0FB6823
:102BB0001B68FB60FB681B687A689A42F7D8FB6861
:102BC000BB60FB685B68BA6813447A689A4208D1B4
:102BD000FB685A687B685B681A44FB685A60FB684C
:102BE0007B607B68BB607B685B68BA681A44FB6883
:102BF0001B689A4218D1FB681A68144B1B689A42EA
:102C00000DD07B685A68FB681B685B681A447B6858
:102C10005A60FB681B681A687B681A6008E00B4BF7
:102C20001A687B681A6003E0FB681A687B681A60A0
:102C3000FA687B689A4202D0FB687A681A6000BF23
:102C40001437BD4680BC7047C01B0020C81B002045
:102C500080B485B000AFF860B9607A60FB68043B6F
:102C6000FB60FB684FF080721A60FB68043BFB60FE
:102C7000BB6823F00102FB681A60FB68043BFB6041
:102C8000084AFB681A60FB68143BFB607A68FB68C3
:102C90001A60FB68203BFB60FB6818461437BD4692
:102CA00080BC7047A92C000880B483B000AF00231B
:102CB0003B604FF0BF0383F31188BFF36F8FBFF307
:102CC0004F8F7B6000BF00BF3B68002BFCD000BF74
:102CD00000BF0C37BD4680BC7047000000000000FC
:102CE000074B19680868B0E8F00F80F30988BFF354
:102CF0006F8F4FF0000080F311884EF00D0E70477B
:102D0000E806002000BF00BF06480068006880F3A6
:102D1000088862B661B6BFF34F8FBFF36F8F00DFD5
:102D200000BF000008ED00E000BF00BF80B582B02A
:102D300000AF114B1B687B60104B1B680F4A43F4BC
:102D40007F0313600D4B1B680C4A43F07F431360F5
:102D50000B4B00221A6000F091F80A4B00221A6017
:102D6000FFF7D2FFFFF78CFBFFF79EFF002318460B
:102D70000837BD4680BD00BF08ED00E020ED00E053
:102D80001CED00E00400002080B483B000AF4FF0E1
:102D9000BF0383F31188BFF36F8FBFF34F8F7B6047
:102DA00000BF054B1B680133034A136000BF0C379B
:102DB000BD4680BC704700BF0400002080B483B0D3
:102DC00000AF0A4B1B68013B084A1360074B1B68A6
:102DD000002B05D100237B607B6883F3118800BF43
:102DE00000BF0C37BD4680BC704700BF0400002008
:102DF000EFF30980BFF36F8F0D4B1A6820E9F00FD6
:102E000010602DE908404FF0BF0080F31188FFF7F4
:102E100037FB4FF0000080F31188BDE808401968C7
:102E20000868B0E8F00F80F30988BFF36F8F704730
:102E3000E806002000BF00BF80B582B000AF4FF0B1
:102E4000BF0383F31188BFF36F8FBFF34F8F7B6096
:102E500000BFFFF70DFA0346002B03D0064B4FF0DF
:102E600080521A6000233B603B6883F3118800BFE7
:102E700000BF0837BD4680BD04ED00E080B400AF60
:102E8000074B00221A60074B00221A60064B074AC4
:102E90001A60034B07221A6000BFBD4680BC704712
:102EA00010E000E018E000E014E000E03F1901004D
:102EB0000CB410B5204B00291C689CB036DB4FF0D9
:102EC00000034FF402721B934FF6FF7C02900690B2
:102ED000ADF814201FAB16D001391E9A049107914A
:102EE000204602A90193ADF816C000F0B7FC421CC1
:102EF00001DA8B2323600022029B1A701CB0BDE80C
:102F0000104002B070470491079120461E9A02A912
:102F10000193ADF816C000F0A1FC431C01DA8B232D
:102F200023601CB0BDE8104002B070478B234FF007
:102F3000FF302360F5E700BF08000020830730B5AD
:102F400046D08446841805E0634603F8011B9D07BC
:102F500003D09C46A445F7D130BD013A0244A2EB10
:102F60000C02032A29D9CCB204EB04240F2A04EB67
:102F700004442FD9A2F1100C2CF00F0C03F1100512
:102F8000AC44C3E90044C3E9024410336345F8D1BB
:102F900012F00C0F02F00F0E18D01A462EF0030C90
:102FA0009C44AEF1040542F8044B6245FBD125F088
:102FB000030404330EF003022344002ACCD0C9B228
:102FC0001A4403F8011B9342FBD130BD7246F4E76B
:102FD0000346C6E79646E0E770B50F4B0F4DAB4290
:102FE000A3EB050607D00024B61055F8043B0134C6
:102FF0009847A642F9D8FDF71CFF094D094B5E1B07
:10300000AB424FEAA60606D0002455F8043B013433
:103010009847A642F9D870BD0C9A00080C9A00088F
:103020000C9A00080C9A00082DE9F843064608207F
:10303000894602F05BFE0546DFF89880304600F0D6
:1030400001FCD8F808305F6827F00307A7F11104E6
:10305000A4EB09042C44B4FBF5F4013C05FB04F497
:10306000A54208DC0021304602F010FED8F80830F6
:103070003B44984205D0304600F0EAFB0020BDE812
:10308000F8833046614202F001FE01300FD0124A4F
:10309000D8F808303F1B47F001075F6013683046DF
:1030A0001B1B136000F0D4FB0120BDE8F883002156
:1030B000304602F0EBFDD8F80820831A0F2BDADD3A
:1030C00043F001035360054B03491B68C01A0860B5
:1030D000D1E700BF58010020E01B00205001002074
:1030E00000295AD0F8B50C46074600F0ABFB54F85F
:1030F00004CC724DA4F108022CF00103D118A86889
:103100004E68884226F003060CF0010E7CD04E601B
:103110008819406800F00100BEF1000F2ED154F86C
:10312000084C05F1080C121B23449468644560D0D8
:10313000D2F80CE0C4F80CE0CEF8084000287DD0AE
:1031400043F0010050600B60B3F5007F2ED25809A8
:10315000D908012383406868013103436B6055F847
:10316000310005EBC103083BC2E9020345F83120F9
:10317000C2603846BDE8F84000F06ABB70B933441D
:1031800005F1080C886843F0010460456ED0C968F9
:10319000C16088605460D350D6E770474CF001019D
:1031A000B3F5007F44F8041CD350D0D3B3F5206F9F
:1031B0004FEA532144D2990901F1390001F1380451
:1031C000C100681869580838884203D155E08968F9
:1031D000884204D04C6824F003049C42F7D8C868A5
:1031E000C2E9021082603846BDE8F840CA6000F0CB
:1031F0002FBB80BB1E44D1E90213CB60996046F01F
:10320000010353609651B4E71E44BEF1000F07D18D
:1032100054F8083CD21A1E44D2E90213CB609960DC
:1032200046F001035360264BAA601B68B342A0D846
:10323000244B38461968FFF7F7FE9AE73344A1E7B5
:1032400014290DD954291FD8190B01F16F0001F170
:103250006E04C100B5E743F0010050600B6088E7E1
:1032600001F15C0001F15B04C100AAE7C5E9042299
:10327000C2E902CC5460D3507BE70123A410A340E1
:103280006C6823436B60ABE7B1F5AA7F06D8D90B16
:1032900001F1780001F17704C10092E740F2545047
:1032A000814206D8990C01F17D0001F17C04C10036
:1032B00087E74FF47E717E2483E700BF580100202A
:1032C00054010020101C00202DE9F04F01F10B05E6
:1032D000162D064683B024D8102900F2AE8000F0E7
:1032E000B1FA102518234FF0020CC04F3B445C6824
:1032F000A3F10802944200F05F8130466368E268FF
:10330000A16823F00303CA60234491605A6808341B
:1033100042F001025A6000F09BFA204603B0BDE87B
:10332000F08F35F0070500F18880A94200F2858012
:1033300000F088FAB5F5FC7FC0F0B1816B0A00F0AF
:103340008380042B00F26E81AB0903F1390C03F189
:10335000380E4FEACC00A54F384444680838A042E4
:1033600007D10DE0002AE16880F22081884207D071
:103370000C46636823F003035A1B0F2AF2DDF44660
:10338000DFF86C823C69444500F0FD80636823F0FF
:103390000309A9EB05030F2B00F38681002BC7E976
:1033A000048880F27081B9F5007FD7F804E080F0DE
:1033B0000A8101234FEAD9014FEA5919194403FA46
:1033C00009F357F831204EEA030E07EBC103083B1F
:1033D000A260E360C7F804E047F83140D460012000
:1033E0004FEAAC039840704535D810EA0E0F07D16C
:1033F0002CF0030C400010EA0E0F0CF1040CF9D075
:1034000007EBCC0AD646E146DEF80C300BE05968F3
:103410001C4621F003014A1B0F2ADB6800F30F81D1
:10342000002A80F223819E45F1D109F1010919F0AA
:10343000030F0EF1080EE7D160E10C233360002486
:10344000204603B0BDE8F08F4FF400704FF0400C01
:103450004FF03F0E7FE7BC68636823F00309A9457E
:1034600004D3A9EB05030F2B00F39080614B0820D8
:103470001B6803F1100804EB0903009302F036FC0B
:103480005D4A83461368A844013305D008F1FF382C
:103490008044434203EA08084146304602F0F6FB06
:1034A000B0F1FF3F8246544A00F0198104EB090352
:1034B000834200F21281514B0BF1FF3C18684044EB
:1034C000186000F068811168013100F0708104EB30
:1034D0000902AAEB020202441A601AF00702CDE9BF
:1034E000002300F02A81C2F108029244D04408EA85
:1034F0000C015A44521A02EA0C0B5946304602F0AB
:10350000C5FB421C019B00F06F81A0EB0A0000EBA1
:103510000B08186848F001025844BC42C7F808A0DC
:103520001860CAF8042017D0B9F10F0F40F2428199
:103530004FF0050C6168A9F10C0222F0070201F0BE
:103540000101114361600F2A04EB0201C1E901CCC2
:1035500000F25281DAF804205446294B196881425E
:1035600038BF1860274B1968814238BF186022F0B5
:103570000308A845A8EB050301D30F2B06DC304652
:1035800000F066F95BE7D7F804E028E7621943F03A
:10359000010345F0010565603046BA6008345360A8
:1035A00000F056F9204603B0BDE8F08FA26830461F
:1035B000D16023448A60A9E6DC68A3427FF49DAE13
:1035C0000CF1020CDCE6B9F5206F4FEA59227DD3ED
:1035D000142A00F2C58002F15C03DB005B32F918AB
:1035E000FB580839994212D19EE000BF58010020D3
:1035F00060010020101C002050010020E01B002072
:103600000C1C0020081C00209B68994204D05A68BA
:1036100022F003024A45F7D8D968C4E902318C6028
:10362000DC60DCE6142B5DD9542B00F2A2802B0B5E
:1036300003F16F0C03F16E0E4FEACC008BE6D4F869
:1036400008C03046661945F001056560CCF80C30BD
:10365000C3F808C042F00103C7E90466C6E902885E
:103660007360625000F0F4F80834E9E621444A68D7
:10367000304642F001024A6054F8082FD3609A6045
:1036800000F0E6F8DCE6A144D9F80430304643F017
:103690000103C9F8043000F0DBF80834D0E64FEA43
:1036A000D50C05F1080320E6621943F0010145F04D
:1036B000010565603046C7E90422C2E9028851600D
:1036C00044F8093000F0C4F80834B9E64FEA99121A
:1036D00002F13903DB00383281E7BC4254D0BC68C8
:1036E000626844E703F15C0C03F15B0E4FEACC0027
:1036F00031E65AF80839534540F09F801CF0030F1B
:103700000CF1FF3CF5D17B6823EA00037B604000AD
:1037100098423FF6A0AE18B99DE6400009F10409B1
:103720001842FAD0CC466BE60120921000FA02F261
:103730004EEA020EC7F804E06FE70AEB080202EA5D
:103740000C02ABEB020202EA0C0B5946304602F0C7
:103750009DFA431C019B7FF4D8AEDDF800B0D8E69B
:10376000542A2BD84FEA193202F16F03DB006E3274
:1037700035E7B3F5AA7F2BD8EB0B03F1780C03F1F7
:10378000770E4FEACC00E6E52D4B0BF1FF3C1868B5
:103790004044186097E61AEA0C0F7FF494AED7F80D
:1037A00008A0C84448F00102CAF80420D4E6C2F8D0
:1037B00000A092E60123CAF80430E0E6B2F5AA7F41
:1037C00025D84FEAD93202F17803DB00773206E7D9
:1037D00040F25452934225D8AB0C03F17D0C03F117
:1037E0007C0E4FEACC00B6E5009A4FF0000B083A89
:1037F0009044A8EB0A088CE6304604F108010093D7
:10380000FFF76EFC009BD7F808A01868A2E640F20C
:1038100054539A420DD84FEA994202F17D03DB00DE
:103820007C32DCE64FF47E704FF07F0C4FF07E0E62
:1038300091E54FF47E737E22D1E67B6867E700BF97
:10384000E01B0020014802F04DBA00BF501D0020CF
:10385000014802F049BA00BF501D00202DE9F04F89
:10386000D7B00C4692460C910E930B9002F0CCF917
:1038700003681846189302F087FAA38917901D066B
:1038800003D52369002B01F0818000232DAA19465E
:103890001446CDE92B332A92129300220023CDF84F
:1038A00018A0CDE91423069BCDE91B111B781991B3
:1038B0001A910A91002B00F04881069E04E016F848
:1038C000013F002B00F09780252BF8D1069BF51ABD
:1038D00040F095803378002B00F0378100234FF0C3
:1038E000FF329B4696F801A00892751C8DF88B302C
:1038F00009930135AAF120035A2B00F2AE80DFE8CC
:1039000013F02D04AC00AC002704AC00AC00AC00FC
:103910000704AC00AC006A00A902AC00A4023F049A
:10392000AC0039045B005B005B005B005B005B008C
:103930005B005B005B00AC00AC00AC00AC00AC001A
:10394000AC00AC003001AC005A02A10430013001DF
:103950003001AC00AC00AC00AC000104AC00AC0029
:10396000B203AC00AC00AC006F02AC005D04AC0074
:10397000AC009E07AC00AC00AC00AC00AC00AC00EE
:10398000AC00AC003001AC005A02730130013001D0
:103990003001B90273017500AC00D502AC00C6025B
:1039A0009E0372037500AC006F027200E202AC006D
:1039B000AC001408AC0072000022AAF1300315F824
:1039C00001AB02EB820203EB4202AAF13003092BA6
:1039D000F5D909928EE70E9B53F8042B002A099221
:1039E0000E93C0F22F8295F800A082E795F800A010
:1039F0004BF0200B7DE7069BF51A00F0A680069B96
:103A00002B9AC4E900352C9B01322B44072A2C93B6
:103A10002B9204DC08340A9B2B440A935AE72AAA07
:103A2000DDE90B0101F056FF70B92DACF3E72AAACE
:103A3000DDE90B0101F04EFF002876D00D9B1BB194
:103A40000D990B98FFF74CFB0C9B9B895B0601F1D2
:103A500025870A9857B0BDE8F08F0F95BAF1000F8F
:103A600073D000230127CDE907733DAA8DF8F4A098
:103A700006928DF88B300D931693139310932C9D13
:103A80001BF08403294600F0F0809DF88B20FAB1EA
:103A90004FF000082B9801220130013562600728A1
:103AA0000DF18B02CDE92B05226000F3A3840834CD
:103AB000B8F1000F0CD02B98022201300235626061
:103AC000072823AACDE92B05226000F3858408345A
:103AD000802B00F0D783089BA3EB0708B8F1000FF9
:103AE00000F3D7801BF4807F40F01181069B3D449A
:103AF00023602B9B67600133072B2C952B9300F3DE
:103B00000E8408341BF0040F05D0099B079A9F1AF6
:103B1000002F00F37D84DDE9092307998A42ACBFB9
:103B20009B185B180A93002D81D100232B930D9BCA
:103B30001BB10D990B98FFF7D3FA2DAC0F9B069391
:103B4000069B1B78002B7FF4B8AE2C9B002B3FF418
:103B50007BAF0C9C0B9821462AAA01F0BBFEA389DF
:103B600074E70E9B4FF0FF32073323F00703F3E8AF
:103B700002670E9327F0004321932096DDE9208908
:103B8000B74B40464946CDE914670F95FCF78CFFCB
:103B9000002840F0F9854FF0FF3240464946B04BCF
:103BA000FCF764FF0546002840F0EE850022002364
:103BB000304639462BF0800BFCF74EFF002841F0D1
:103BC0008181BAF1470FCCBFA64AA74A9DF88B3036
:103BD0000692002B41F0D78503270D930893169387
:103BE0001393109307974AE71BF0200F0F9500F0EF
:103BF000A7850E9B073323F007031A465B6852F82C
:103C0000085B98460E92002BC0F22F83089A002A78
:103C100005DB55EA08032BF0800B00F099860A2D8E
:103C200078F1000380F0708105F13003DBB28DF88C
:103C30005731089B0127012BB8BF01230DF2571202
:103C400007939DF88B300692002B01F00786079BA7
:103C50002C9D0133079300230D9316931393109318
:103C60001BF0840329467FF410AF099A0798A2EB52
:103C70000008B8F1000F00F38A849DF88B20002A19
:103C80007FF406AF089BA3EB0708B8F1000F7FF79E
:103C900029AFB8F1100F2B9A744E28DD2346294620
:103CA000DDE90B454FF0100906E0A8F11008B8F166
:103CB000100F03F1080318DD01326C481031072A98
:103CC000C3E90009CDE92B21EFDD294620462AAAC8
:103CD00001F000FE00287FF4B1AEDDE92B21A8F150
:103CE0001008B8F1100F2DABE6DC1C460D46013272
:103CF0004544072ACDE92B252660C4F8048000F34B
:103D0000E3841BF4807F04F108043FF4EFAEBAF1C2
:103D1000650F40F31083DDE9140100220023FCF756
:103D200091FE002800F0AD83012363602B9B504A75
:103D300001330135072B2C952B93226000F39987D3
:103D40000834249B129A934280F2E484179B189AB9
:103D50001D44C4E900232B9B2C950133072B2B9387
:103D600000F308860834129B5F1E002F7FF7CAAE4F
:103D7000102F2B9B40F3C982DDE90B9A4FF01008FE
:103D80003A4E04E00834103F102F40F3BF82013355
:103D90001035072BC4E90068CDE92B35F2DD51461B
:103DA00048462AAA01F096FD00287FF447AEDDE9D7
:103DB0002B352DACE7E700223DA9012706911146DE
:103DC0000E9B8DF88B200D9253F8042B0F958DF8D8
:103DD000F4200E93079708911691139110914EE6D7
:103DE0004FF000080F950E9D8DF88B8055F8043B21
:103DF0000693002B00F08787089B002BC0F2D58527
:103E0000069E1A464146304601F07EFF9DF88B30F3
:103E10000D90002801F01283871B27EAE7720792B2
:103E2000002B00F0CE8513460133CDF820800E958F
:103E30000793CDF83480CDF85880CDF84C80CDF87C
:103E400040801CE6099B5B42099395F800A04BF06B
:103E5000040B4EE52B2395F800A08DF88B3048E538
:103E6000FFFFEF7F8496000880960008C097000847
:103E7000C096000895F800A0BAF1680F03BF95F846
:103E800001A04BF4007B01354BF0400B31E50E9A5D
:103E90001BF0200F0F9502F1040300F063841268F9
:103EA0000A991160C91751600E9347E695F800A072
:103EB000BAF16C0F03BF95F801A04BF0200B013550
:103EC0004BF0100B15E51BF0200F0F9540F096817D
:103ED0000E9A1BF0100852F8043B41F031831BF09E
:103EE000400100F076879DB2089B8DF88B80002BF7
:103EF00004DB2BF0800B002D00F078810A2D78F187
:103F000000030E92FFF490AECDE9064A0027DFF8D9
:103F1000E892DDF86CA056A90BF4806624E015EB5E
:103F2000080343F10003A9FB032020F0030202EB86
:103F300090029B1A4FF0CC32AE464446EB1A02FB7D
:103F400003F268F1000809FB0822A3FB0953BEF144
:103F50000A0F13444FEA550574F10004614645EA1F
:103F6000C3754FEA53082BD315EB080343F1000345
:103F7000A9FB032020F0030202EB90029B1AEB1A2C
:103F8000A3FB093268F1000009FB00225B0843EA49
:103F9000C27303EB8303A5EB43033033013701F115
:103FA000FF3C01F8013C002EB9D09AF80030BB422A
:103FB000B5D1FF2FB3D00A2D78F1000380F03887F8
:103FC000624656AB12979F1A089B069CBB42B8BF2D
:103FD0003B46CDF86CA0CDF818C0DDF81CA00793C7
:103FE0009DF88B3030E6002147F630030E98089E8E
:103FF00050F8042B8E42ADF88C300F9513468DF897
:104000008B10C0F299842BF0800545F0020B002A3A
:1040100040F06F86002E00F0788730238DF85731FE
:104020000DF2571301274FF0780A944613920E9021
:104030000796109216920D92069300F05ABC1BF050
:10404000200F0F9540F073830E9A1BF0100152F869
:10405000043B41F072821BF0400000F09E865846FF
:104060000E929BB20FE01BF0200F0F954BF010004B
:1040700000F05F830E9B073323F007031A4659684D
:1040800052F8083B0E9200228DF88B20089A002AE5
:1040900017DB53EA010220F4906B14D1089A92B90D
:1040A00010F00107079700F0B48530238DF85731E1
:1040B000089B1693139310930D930DF257130693C9
:1040C000DDE420F4806B56AD03F00702DB0843EA21
:1040D0004173C908303253EA0106284605F8012D1C
:1040E000F2D11BF001010695109140F0998256AB78
:1040F0005F1B089B1691BB42B8BF3B4613910793C9
:104100000D91BCE495F800A04BF0080BFFF7F1BB54
:104110000B9F384601F078FD436818461A9301F06A
:1041200033FE1C900646384601F06EFD826895F815
:1041300000A01B92002E3FF4DCAB002A3FF4D9AB69
:104140001378002B3FF4D5AB4BF4806BFFF7D1BB5A
:1041500095F800A04BF0010BFFF7CBBB9DF88B301F
:1041600095F800A0002B7FF4C4AB20238DF88B3092
:10417000FFF7BFBB95F800A04BF0800BFFF7B9BB72
:10418000294611F801ABBAF12A0F01F05B83AAF1BD
:104190003003092B98BF002201F2A18111F801AB75
:1041A00002EB820203EB4202AAF13003092BF5D99C
:1041B00042EAE2730D460893FFF79CBB1BF0200F09
:1041C0000F954BF010011AD10E9B1A1D4FF00008ED
:1041D0000E9B08981B6840451D468DF88B80C0F2E9
:1041E000A78321F0800B002B7FF488AE089B0E92F2
:1041F000FBB1002518E500BFCDCCCCCC59460E9BB9
:10420000073323F007031A46D3F8048000238DF800
:104210008B30089B52F8085B002B0E92C0F289830A
:1042200055EA080321F0800B7FF4F9AC089B002BC2
:10423000DFD11F4616931393109307930D9356AB3C
:1042400006931CE41BF0200F0F954BF0100340F079
:104250006B820E9A04320E999B460D680E924FEABD
:10426000E5784346002BBFF6D1AC2D238DF88B307B
:10427000089B6D4268EB4808002BFFF6D0AC2BF092
:10428000800BCCE4099B079AA3EB0208B8F1000F5E
:104290007FF721ACB8F1100F2B9A41F36B812346C5
:1042A0002946DDE90B454FF01009BF4E06E0A8F1A5
:1042B0001008B8F1100F03F1080317DD01321031B7
:1042C000072AC3E90069CDE92B21F0DD2946204604
:1042D0002AAA01F0FFFA00287FF4B0ABDDE92B2118
:1042E000A8F11008B8F1100F2DABE7DC1C460D4605
:1042F00001324544072ACDE92B252660C4F8048005
:1043000000F3E5840834FFF7E6BBA74E01333D44D4
:10431000072B26606760CDE92B357FF7F2ABDDE92F
:104320000B012AAA01F0D6FA00287FF487AB2C9D56
:104330002DACFFF7E7BB2B9B013503F10108129B66
:10434000CDE92B85012B069B04F1080923604FF072
:104350000103636040F37B81B8F1070F00F3C08174
:10436000179B08F10108189A1D44B8F1070FC9E915
:104370000023CDE92B8500F3C08109F10809129BC8
:104380000022DDE914015C1E0023FCF75BFB002822
:1043900040F07281069F08F1010801372544B8F109
:1043A000070FCDE92B85C9F80070C9F8044000F368
:1043B000568109F10809199A08F101031544C9F851
:1043C0000420072B26AACDE92B35C9F80020A6DC4E
:1043D00009F10804FFF796BB2AAADDE90B011D933A
:1043E00001F078FA00287FF429AB2C9D1D9B2DACA1
:1043F000FFF76EBB2AAADDE90B011D9301F06AFAF3
:1044000000287FF41BAB2C9D1D9B2DACFFF750BBF0
:10441000102F2B9B41F36880DDE90B9A4FF01008B9
:10442000624E04E0103F102F04F1080415DD013343
:104430001035072BC4E90068CDE92B35F2DD514674
:1044400048462AAA01F046FA00287FF4F7AADDE9D7
:104450002B35103F102F2DACE9DC01333D44072BE9
:10446000C4E90067CDE92B357FF755ABDDE90B01DA
:104470002AAA01F02FFA00287FF4E0AA2C9DFFF76A
:104480004ABB2499002940F39F83DDF84090129B9A
:104490009945A8BF9946B9F1000F0BDD069B4D4425
:1044A000C4E900392B9B2C950133072B2B9300F388
:1044B00056860834DDF84080B9F1000FA8BFA8EB9C
:1044C0000908B8F1000F00F38482DDF840A0069BD4
:1044D0001BF4806F9A4440F0A282249A129B9A4265
:1044E00003DB1BF0010F00F01E85179B18991D447C
:1044F000C4E900132B9B2C950133072B2B9300F35E
:104500004F870834129BDDF818809F1A9844A8EB57
:104510000A08B845A8BFB846B8F1000F0CDD2B9BC0
:1045200045440133072BC4F800A0C4F804802C953F
:104530002B9300F3C5870834B8F1000FA8BFA7EB91
:104540000807002F7FF7DEAA102F2B9B7FF7DDAE29
:10455000DDE90B9A4FF01008134E04E00834103FC9
:10456000102F7FF7D3AE01331035072BC4E9006855
:10457000CDE92B35F2DD514648462AAA01F0AAF9C9
:1045800000287FF45BAADDE92B352DACE7E72B9AF9
:10459000B8F1100F40F34F872046DDE90B9410254A
:1045A000024E1D930BE000BFC0970008D097000893
:1045B000A8F11008B8F1100F00F1080017DD013262
:1045C0001031072AC0E90065CDE92B21F0DD214635
:1045D00048462AAA01F07EF900287FF42FAADDE9D7
:1045E0002B21A8F11008B8F1100F2DA8E7DC044624
:1045F0001D9B501C08EB01050728CDE92B05266003
:10460000C4F8048000F30F839DF88B200834002A3F
:1046100040F08680002B3FF45EAA1346FFF74CBAA9
:10462000302A00F0328330230699023801F8013C29
:1046300056AB1F1A089B0022BB42B8BF3B460D92E7
:1046400006900793169213921092FFF718BA1BF078
:10465000010F7FF481AEB8F1070F7FF7ACAEDDE953
:104660000B012AAA01F036F900287FF4E7A9DDE959
:104670002B850DF1B4099EE6129B012B7FF79BAEB3
:10468000112B41F3CC804346DDE90B8A1027B64E4F
:1046900005E009F10809103C102C40F36F83013349
:1046A0001035072BC9E90067CDE92B35F1DD5146FF
:1046B00040462AAA01F00EF900287FF4BFA9DDE9DF
:1046C0002B350DF1B409E6E72AAADDE90B0101F06B
:1046D00001F900287FF4B2A92C9D2DACFFF702BA96
:1046E0002AAADDE90B0101F0F5F800287FF4A6A95C
:1046F000DDE92B850DF1B40932E62AAADDE90B01CB
:1047000001F0E8F800287FF499A9DDE92B850DF187
:10471000B40934E61BF0010F3FF4F4A9FFF716BB10
:1047200098460023FFF7B7B99B46FFF762BA584691
:10473000A0E40E9B1A1D0E9B00211B680E92A2E4A2
:104740000E9A1BF0100F52F8045B40F0F3861BF03A
:10475000400F0E9200F02B8345F3C03843462DB234
:10476000FFF751BA1BF0100F40F0BD821BF0400F55
:1047700040F044841BF4007F00F0B5820E9A0A9941
:1047800012681170FFF790BBDDE9140102460B4679
:10479000FCF78AF98046002840F06E87BAF1610F75
:1047A00000F01E85BAF1410F00F05786089B0133D7
:1047B00000F04584BAF1670F159B4BF4807600F04A
:1047C0000487BAF1470F00F000870D90DDE914125D
:1047D000002A1346C0F2EE86DDE914234FF00008EC
:1047E000CDE91E23AAF14103252B00F2AA83DFE8BD
:1047F00013F01A07A803A803A8032D049804A8031C
:10480000A803A803A803A803A803A803A803A80350
:10481000A803A803A803A803A803A803A803A80340
:10482000A803A803A803A803A803A803A803A80330
:10483000A8031A07A803A803A8032D0498044B4A49
:104840000F951BF020010E9800F07781073020F0C3
:104850000700416850F8083B1BF0010500F07A8121
:1048600053EA010500F0F58130258DF88C500025C4
:104870008DF88B50089D8DF88DA0002DC0F2998188
:104880002BF4906545F0020B03F00F05575D0BF01C
:1048900002050E901B0943EA0173080953EA11113E
:1048A0008DF8577118BF0DF2571100F0EF8703F024
:1048B0000F06965D1B0943EA0073000901F8016DBC
:1048C00053EA0006F3D10691069A56AB9F1A089B4D
:1048D0004FF0000CBB42B8BF3B46CDF834C0079345
:1048E000CDF858C0CDF84CC0CDF840C0002D3FF4F5
:1048F000C6A8DDE92B05079B2946023307931BF069
:104900008403024607D1099EDDF81CE0A6EB0E08E1
:10491000B8F1000F07DCBCF1000F3FF4CDA84FF059
:104920000208FFF7B8B8022332E6114A0F9588E76C
:104930000E928B46FFF773B90E900D4803F00F07E8
:10494000022502464FF0780AC75D4BF0020BA1E743
:10495000002A40F0D78256AB069317469DF88B305D
:104960000792FFF771B900BFC0970008A49600082E
:10497000909600082AAADDE90B0100F0ABFF0028A1
:104980007FF45CA82C9D2DACFFF7EDB940210B986E
:10499000FEF79AFC0C9B18601861002800F07B87DA
:1049A00040230C9A5361FEF770BF069801F0ECF9B2
:1049B0009DF88B3020EAE07207460792002B7FF4C7
:1049C00032AACDE90D350893169313931093FFF790
:1049D00056B8B8F1100F2B9B40F31282DDE90B7A29
:1049E0004FF01009B04E06E00834A8F11008B8F1F5
:1049F000100F40F3068201331035072BC4E900691C
:104A0000CDE92B35F0DD514638462AAA00F062FF89
:104A100000287FF413A8DDE92B352DACE5E7129AC9
:104A2000139813440028294608935546CDF874B0CE
:104A30002246DDE90BAB9C4F1C9BDDF86C90DDF84A
:104A4000588031DDB8F1000F40F30D8108F1FF38D7
:104A50001A981944C2E900032B982C9101300728B9
:104A60002B9000F399800832089C99F80000641B91
:104A70008442A8BF0446002C0CDD2B982144013051
:104A80000728C2E900542C912B9000F3118199F86A
:104A900000000832002CB4BF0646061B002E14DCB2
:104AA000054413980028CDDCB8F1000FCEDCAA46EF
:104AB0001446069B129A0D4613449A4528BF9A46FF
:104AC000DDF874B0CDF86C9007E5102E2B9840F30C
:104AD0004D8610951024354616933E4604E0103D51
:104AE000102D02F1080215DD013010310728C2E94E
:104AF0000074CDE92B01F2DD594650462AAA00F098
:104B0000E9FE00287EF49AAFDDE92B01103D102D5F
:104B10002DAAE9DCB446169B2E46109D0130314487
:104B20000728CDE92B01C2F800C0566000F30783C7
:104B300099F8000008320544B3E71BF0100550F85F
:104B4000043B7FF489AE1BF0400700F03C8129460E
:104B50009BB281E68DF88B50089D002D2BDB53EA2C
:104B600001052BF4906B7FF48FAE0899002900F0BB
:104B7000D98013780129B8BF01218DF8573100235E
:104B80000DF2571201270E900D930791069216937E
:104B900013931093FEF773BF594650462AAA1093F9
:104BA00000F098FE00287EF449AF2C99109B2DAAA6
:104BB0005AE74BF0020B0E9003F00F000BF00205CA
:104BC000175C2BF4806B65E6012363602B9B374AEF
:104BD00001330135072B2C952B93226000F386813E
:104BE0000834002940F0A280129A0BF0010313430D
:104BF0003EF488AF179B189A1D44C4E900232B9BF1
:104C00002C950133072B2B9300F3008204F108024B
:104C10009DE0089B1F461693139310930D9356AB7C
:104C20000693FEF72CBF2AAADDE90B011D9300F0C5
:104C300051FE00287EF402AF9DF88B202C9D1D9B19
:104C4000002A00F0938098462DAC03462B98FEF77F
:104C500022BF0025089B8DF88B50AB42C0F2DE804E
:104C60002BF4906B81E7139809F1FF390138139009
:104C7000EEE62AAADDE90B0100F02CFE00287EF406
:104C8000DDAE2C9D2DACFFF75CB8069A56AB9F1A93
:104C9000089B0021BB42B8BF3B460D91079316917C
:104CA00013911091FEF7EBBEC0970008C096000864
:104CB000594650462AAA109300F00CFE00287EF4B4
:104CC000BDAE99F800002C99109B2DAAE2E62AAA05
:104CD000DDE90B0100F0FEFD00287EF4AFAE2C9D57
:104CE0002DACFEF7F8BE0E9A0A9912681160FFF714
:104CF000DBB8BD4F03F00F0C3A4602254FF0780A9F
:104D000017F80C70C5E5089FB84A062F28BF06277C
:104D10000E95079708930D9306921693139310938D
:104D2000FEF7ADBE089B0E90FFF783BA179B189A4B
:104D30001D44C4E900232B9B2C950133072B2B9397
:104D400000F3648104F108020029C0F2D0830699BF
:104D5000013311601299072B0D44CDE92B355160B9
:104D60003FF7DDAA02F10804FEF7CCBE002B00F0ED
:104D7000E58013462B982DACFEF79EBE984608F1B1
:104D800001082544B8F1070FCDE92B85C9F800606B
:104D9000C9F804407FF70DAB61E41BF4007100F02B
:104DA0001F8101460E925846DBB2FFF76CB91BF427
:104DB000007F14BF45F3C0184FEAE578434618BF9B
:104DC0006DB2FEF720BF1BF400711CBF3946DBB289
:104DD00042E51BF4007840F0F98008991D4600294F
:104DE0008DF88B80FFF68AA82BF0800B002B7FF4C8
:104DF00085A80B460E9200297FF4FBA9FFF719BA8C
:104E00007B4E01334544072BCDE92B352660C4F892
:104E1000048000F308810834FFF757BB13780E9025
:104E20008DF857310DF257132BF4806B06934BE539
:104E30001C9A1A99ACEB0204204600F0AFFE9AF8D7
:104E400001300BB10AF1010A4FF0CC310127694A58
:104E500015EB080343F10003A2FB030E2EF0030041
:104E600000EB9E001B1AEB1A03FB01F168F100082E
:104E7000A3FB023002FB0811FB40014443EAC17569
:104E800021FA07F815EB080343F10003A2FB031016
:104E900020F0030101EB90015B1AEB1AA3FB023136
:104EA00068F1000002FB0012FB4043EAC27303EB0F
:104EB0008303A5EB4303303304F1FF3C04F8013CCA
:104EC000FFF773B82D238DF88B300423BAF1470F09
:104ED0004FF003070D95079340F39680464B0693DA
:104EE0000895169513951095FEF7C9BD2AAADDE918
:104EF0000B0100F0EFFC00287EF4A0AD24992C9D5E
:104F00002DAC6EE63023FEF792BE089B56AA1F46D4
:104F10004FF0780A9C460E901393109316930793C4
:104F200006920D93E5E4DDF818809F1A9844A8EBEB
:104F30000A08B845A8BFB846FFF7FEBA2DACFEF781
:104F4000CABD089B0B9801930223009328AB0493DE
:104F500025AB039324AB0293DDE91E2301F018F87F
:104F600006901BF0010F40F0A582069A289B9B1A21
:104F7000249A1293D11C1092C0F21F820899914278
:104F8000C0F2F081934200F3EB82109F1BF4806F1C
:104F900003D0109B002B00F38C83B3464FF0670ABD
:104FA00027EAE77307930023169313930BF0020588
:104FB000B8F1000F00F0B9804FF02D0C8DF88BC0C8
:104FC000079B01330793002308938FE4DDB2089B0E
:104FD0008846002B8DF88B10BEF68BAFFEF78EBF88
:104FE00058460E92FFF74FB890960008B896000802
:104FF000C0970008CDCCCCCC849600080E9A0A99B4
:1050000012681180FEF750BF934B68E72AAADDE9CA
:105010000B0100F05FFC00287EF410ADDDE92B35BC
:1050200024992DAA90E62AAADDE90B0100F052FC92
:1050300000287EF403AD2C9D2DACFFF746BA062365
:105040000D9008934BF48076FFF7C0BB0223089ABB
:1050500001321292009328AB129D049325AB039367
:1050600024AB019502930B98DDE91E2300F090FF1D
:105070002AF02009B9F1460F069005447BD0DDE9FE
:105080001E0100220023FBF7DDFC002840F05083C6
:10509000289BAB4238BF4FF0450980F04683302152
:1050A0005A1C28921970289BAB42F9D3069AB9F181
:1050B000470FA3EB02031293249B109300F04B8144
:1050C000B9F1460F74D0109B8DF898A0013B002BCE
:1050D0002493C0F279812B22092B8DF8992000F3BB
:1050E0007C8130228DF89A200DF19B02303302F83A
:1050F000013B26ABD31A1993129B199A012B03EB90
:10510000020740F38082179B1F442BF4806343F413
:10511000807B002327EAE77216930792139310937C
:1051200044E7089B1293032394E79DF88BC0BCF1DE
:10513000000F7FF445AFCDF82080FFF7D7BB59466D
:1051400050462AAA109300F0C5FB00287EF476ACE6
:1051500099F800002C99109B2DAA0544A1E42AAAD5
:10516000DDE90B0100F0B6FB00287EF467AC2C9D56
:105170002DACFFF79FB9069B1B78302B00F06F8298
:10518000249B1D440022DDE91E010023FBF75AFC8D
:10519000002840F0D680289BAB4280D3069AB9F114
:1051A000470FA3EB02031293249B109300F0D380CC
:1051B0001099089A0BF00103002943EA020340F317
:1051C000F582002B40F0B7824FF0660A109F1BF467
:1051D000806F40F0708227EAE773B3460793E2E6F8
:1051E00047F63003ADF88C30089B4BF0020B632B75
:1051F00000F3D181DDE91412002AC0F20982DDE951
:10520000140124AA00F0EEFD00224FF07F53FBF7BB
:10521000B1F902460B46CDE9102300230022FBF72B
:1052200011FC0346002800F0B982012324933DAB12
:10523000CDF834800693094B0793089B069D08948C
:10524000CDF848A0CDF84C80AA46DDE91045DDF840
:105250001C8003F1FF390BE080960008909600084F
:1052600000220023FBF7EEFB002840F06A82B146E3
:105270000022B54B20462946FBF77CF90D46044633
:10528000FBF728FC0746FBF70BF902460B462046C6
:105290002946FAF7B7FF18F80730B9F1FF3F524631
:1052A00004460D4609F1FF360AF8013BD8D11646EF
:1052B000A64B0022CDE910455546DDE912A8089C11
:1052C000FBF7E8FB40B9DDE9100100229F4BFBF73B
:1052D000B9FBD8B1F80719D5079B2896D97B15F8E3
:1052E000012C2B46914209D1302003F8010C289B58
:1052F0005A1E289213F8012C8A42F6D0392A0BBF85
:10530000079A0132927AD2B203F8012C069B249AB2
:10531000EB1A1293BAF1610F02F1FF33249300F0FC
:10532000F88150214FF0410A002B8DF89810C0F2FF
:10533000E7812B22092B8DF899204EDC0DF19A0282
:10534000D4E6249B1093069BB9F1470FA5EB03030A
:1053500012937FF42DAF109B03332EDB089B109A22
:10536000934210DA109BAAF1020A013B002B8DF840
:1053700098A02493BFF6AFAE2D22109B8DF89920F4
:10538000C3F10103ADE6129B109A934200F3E8804B
:105390001BF0010F3FF4F9AD109B179A9F18F5E52C
:1053A0002AAADDE90B0100F095FA00287EF446AB4D
:1053B000249A2C9D2DACFFF7A5B8109BAAF1020AE8
:1053C000013B8DF898A024932D22109B8DF89920F5
:1053D000C3F10103092B7FF784AE0DF1A70C6246E0
:1053E000DFF86CE11D461046AEFB0321C90801EB56
:1053F0008102A3EB42023032632D00F8012C0B46F0
:1054000000F1FF32EEDC303302F8013C831E6345CD
:1054100080F008820DF1990213F8011B634502F830
:10542000011FF9D103F5AC736B44BC3B1B1A26AAD0
:105430009B1A199360E6474EFFF7DBB80E95002BD9
:1054400000F0C080089B1F46013307930D9B089313
:10545000169313931093FEF712BB45F63003ADF885
:105460008C30089B4BF0020B632B00F39480DDE93A
:105470001412002AC0F2CC80DDE9140124AA00F045
:10548000B1FC00224FF07F53FBF774F802460B4645
:10549000CDE9102300220023FBF7D4FA08B1012341
:1054A00024934FF000082C4BCDF8348007933DAB8C
:1054B0000693C2E6069B089A4FF047099D1861E6DD
:1054C0002AAADDE90B0100F005FA00287EF4B6AA4D
:1054D000249F129B2C9D2DACDF1BFFF72DB80023C2
:1054E0000D460893FEF706BA1A4EFEF7B6BFC1F195
:1054F0000008103141DADDE90B791024174E05E080
:105500000832A8F11008B8F1100F37DD013310355B
:10551000072BC2E90064CDE92B35F1DD4946384659
:105520002AAA00F0D7F900287EF488AADDE92B35F5
:105530002DAAE6E75B46FEF78EBE5846FFF7FBB89E
:105540005946FEF743BE00BF000030400000E03F78
:10555000CDCCCCCCD0970008A4960008C09700080A
:10556000129B179A9F18109B002B40F3D4804FF08A
:10557000670A2CE6AE4EFEF7BBBEAD4E0133454486
:10558000072BCDE92B351660C2F8048000F3178194
:105590000832FFF7DCBB089B0B98591CFDF794FE03
:1055A0000690002800F08D81069B4BF480760D93C9
:1055B000FFF70CB903F100434FF02D081E911F9324
:1055C000FFF710B9089F079740E7089A002A00F0F4
:1055D000D180002BDDE91423C0F24681CDE91E23E2
:1055E000089B0B9801930223009328AB049325ABEF
:1055F000039324AB0293DDE91E2300F0C9FC0023D2
:1056000006900D93ADE41BF0010F3FF47EAD7AE5FB
:105610001346CDF834804FF02D081E9103F100435E
:105620003DA906911F9324AADDE91E0100F0DAFBD3
:1056300000224FF07F53FAF79DFF02460B46CDE95B
:10564000102300220023FBF7FDF908B10123249366
:10565000BAF1610F3FF4EFAD764B0793EDE5002211
:10566000DDE91E010023FBF7EDF9002800F0D280F0
:10567000249B10931D4466E6159B2BF0800B13F0C2
:105680000043109300F0B4802D2304228DF88B305A
:105690000023BAF1470F4FF003070D93079240F331
:1056A000C480654A06920893169313931093FEF7ED
:1056B000E6B94FF0670A1B990B78FF2B00F0F380D7
:1056C0000025109A284603E001300131FF2B08D055
:1056D000934206DAD21A4B78002BF5D10B780135BC
:1056E000F4E71B91109213901695169A139BB346EC
:1056F00013441C9A02FB037727EAE773079355E4E8
:10570000C2F101032D22092B8DF899203FF765AED8
:1057100014E6702108E6C3F101031F4427EAE7738A
:10572000B3464FF0670A07933DE4069A9B1A12931B
:10573000249B1093C7E4179B0A444FF0660AD718BE
:1057400045E5B9F1000F5546DDE912A8089CFFF6C2
:10575000DDAD2B46302009F101022A4403F8010B8C
:105760009342FBD105EB09035D1CCFE5DFF8C0C018
:10577000FFF7D4B9002B7EDB0123DDF820800893EE
:10578000DDE914232AE7002304220327CDE90723B8
:105790000D93169313931093FEF771B99846274B08
:1057A000CDF8348007933DAB069346E5B3469BB9ED
:1057B00001234FF0660A1F460793FFF7F4BB2AAA9E
:1057C000DDE90B0100F086F800287EF437A9DDE959
:1057D0002B352DAAFFF7BBBA179B089F03F10109D0
:1057E0004F4427EAE7734FF0660A0793FFF7DBBBE6
:1057F000BAF1470FCCBF104A114A9DF88B30069280
:10580000002B54D103270893169313930D930797F6
:10581000FEF735B9129BC3F101032493B1E4044EA2
:10582000FFF7ADBA0223199366E4054A3AE700BFD1
:10583000C0970008A49600088C960008909600086F
:10584000889600080E9B95F801A053F8042B0D468E
:105850000E9342EAE2730893FEF74BB80D9316934A
:1058600013931093FEF70BB903F100434FF02D088B
:105870001E921F93B4E60121DDE9142303F10043D6
:105880004FF02D081E9208911F93A9E60DF25713B1
:105890000693FFF719B80C230B9A13604FF0FF33F0
:1058A0000A93FEF7D6B80023169313931DE700233F
:1058B0000422032708930792169313930D93FEF780
:1058C000DEB80C998B8943F0400213468A81FEF7BB
:1058D000BDB800BF2DE9F041154692682C68FAB1B9
:1058E00007468846083402E013460834C3B16B68A3
:1058F0005E1E002B6E6013DD54F8046C002EF3D096
:1059000033464146384654F8082C01F027FF431C23
:1059100007D0AA680834921B1346AA60002BE6D170
:1059200000200023C5E90133BDE8F081024A0349A4
:10593000034800F0C9B800BF600500201D780008CA
:10594000100000200C4B416810B59942044601D06C
:1059500001F064FFA168094B994202D0204601F092
:105960005DFFE168064B994204D02046BDE8104037
:1059700001F054BF10BD00BF141C00207C1C00208F
:10598000E41C00202DE9F84300250423304C314A63
:105990003149DFF8C890DFF8C880324F324E1160CD
:1059A00004F15C0029460822C4E90335C4E9005526
:1059B000C4E90555A5606566FDF7C0FA04F1580015
:1059C000C4E90749C4E90987E66200F087F9274B73
:1059D0002946082204F1C4006367C4E91A55C4E9E2
:1059E0001E552567C4F8CC50C4F88050FDF7A6FAC0
:1059F00004F1680304F1C000C4F88430C4E92298BB
:105A0000C4E9247600F06AF9194B294604F596702A
:105A10000822C4F8DC30C4E93455C4E93855C4F868
:105A2000D850C4F83451C4F8E850FDF787FA04F1AF
:105A3000D003C4E93D87C4F8F09004F59470C4F82D
:105A4000FC60C4F8EC30BDE8F84300F047B900BF93
:105A5000141C00204C1D00202D5900080D5B00086F
:105A6000315B0008715B0008955B000809000100CC
:105A70001200020010B504460A4800F033F9636BC7
:105A800023B9094B094A1B68626323B1BDE8104082
:105A9000044800F029B9FFF775FFBDE81040014840
:105AA00000F022B9541D00204C1D0020455900086B
:105AB000014800F017B900BF541D0020014800F054
:105AC00013B900BF541D00202DE9F8434FF0000921
:105AD00080460F461646D6E90154013D10D4A389ED
:105AE000012B08D9B4F90E30013304D021464046C9
:105AF000B84749EA0009013D6B1C04F16804EED186
:105B00003668002EE7D14846BDE8F88310B50C464C
:105B1000B1F90E1000F0A4F8002803DB236D034454
:105B2000236510BDA38923F48053A38110BD00BF5A
:105B30002DE9F0410C46B1F90C101F46CB05054686
:105B400016460BD421F48051A1813B4632462846AB
:105B5000B4F90E10BDE8F04100F0AAB8B4F90E1087
:105B60000223002200F066F8B4F90C10EAE700BF47
:105B700010B50C46B1F90E1000F05CF8B4F90C3019
:105B8000421C0EBF23F4805343F480532065A3814D
:105B900010BD00BFB1F90E1000F03AB840EA0103A1
:105BA0009B0710B524D1032A22D98E468446DEF8FD
:105BB00000407146A4F1013323EA040313F0803F4F
:105BC0000EF1040E15D1043A032A4CF8044BEED81A
:105BD000714601F1FF3E52B163461EF8011F541E8B
:105BE00003F8011B41B122469C46002AF4D110BDA6
:105BF000844601F1FF3EEEE79444002CF7D003F811
:105C0000011B6345FBD110BD004870475C060020B6
:105C1000002238B5064D044608462A60FBF78AF88C
:105C2000431C00D038BD2B68002BFBD0236038BD4F
:105C3000DC1B002038B50C46114600228446074D77
:105C400020462A601A466446FBF798F8431C00D0A9
:105C500038BD2B68002BFBD0236038BDDC1B002037
:105C600038B50C46114600228446074D20462A606E
:105C70001A466446FBF78EF8431C00D038BD2B68EB
:105C8000002BFBD0236038BDDC1B0020002238B580
:105C9000064D044608462A60FBF794F8431C00D0E2
:105CA00038BD2B68002BFBD0236038BDDC1B0020E7
:105CB00038B50C46114600228446074D20462A601E
:105CC0001A466446FBF772F8431C00D038BD2B68B7
:105CD000002BFBD0236038BDDC1B0020704700BFC9
:105CE000704700BF704700BF704700BF082802D14F
:105CF0004FF48050704708B501F02AFF1622034682
:105D00004FF0FF301A6008BD30B586468007CCB230
:105D100015D0F4460EEB020507E0634613F8011BAD
:105D2000A14206D0990705D09C4665456046F4D14E
:105D3000002030BD013A72449E46A2EB0C02032AB9
:105D40000CD8002AF4D07346724401E09A42EFD096
:105D5000184613F8011BA142F8D130BD714604EB7F
:105D6000042505EB05458E4651F8043B6B40A3F135
:105D7000013020EA030313F0803FE4D1043A032A00
:105D8000F1D88E46DDE700BF20F0030110F00300DC
:105D9000C0F1000051F8043B00F1040C4FEACC0CB8
:105DA0006FF000021CBF22FA0CF213434FF0010CFB
:105DB0004CEA0C2C4CEA0C4CA3EB0C0222EA03023A
:105DC00012EACC1204BF51F8043B0430F4D0C2F103
:105DD000000102EA0102B2FA82F2C2F11F0200EBF4
:105DE000D2007047F8B50027DFF858C021F0004313
:105DF000634504460D46176021D8844653EA0C0CCF
:105E00001DD0DFF844C0164601EA0C0C0A46BCF16E
:105E1000000F09D100220D4BFAF7ACFB6FF03507EC
:105E200004460A4621F000431B156FF31E52A3F2ED
:105E3000FE333B4442F07F55336045F40015204665
:105E40002946F8BDFFFFEF7F0000F07F00005043C0
:105E50002DE9F04F03690C6985B0A342C0F291802F
:105E60008146013C01F1140509F1140855F824306C
:105E700058F824C001339C45BCFBF3F64FEA84007C
:105E800005EB840708EB840243D34FF0000CAA46CD
:105E9000CDE90105C646634665469346CDF80C80BC
:105EA0005AF8040BDEF800201FFA80FC06FB0C55A4
:105EB0004FEA10484FEA154C06FB08CCADB290B241
:105EC000401B18441FFA8CF3C3EB204303EB12432F
:105ED00080B240EA034057454EF8040B4FEA1C4598
:105EE0004FEA2343DCD2DDE90105DDF80C8058F8E8
:105EF000003073B9ABF10402904504D307E090453C
:105F000004F1FF3403D252F80439002BF7D0C9F85A
:105F10001040484601F0F4FA00282EDB41460022EA
:105F200055F8040BD1F800C01FFA80FE1FFA8CF35D
:105F3000A3EB0E031344020CC2EB234202EB1C4200
:105F40009BB243EA0243AF4241F8043B4FEA22428C
:105F5000E6D258F8242008EB84036AB9043B434591
:105F600004D807E0984504F1FF3403D253F804291C
:105F7000002AF7D0C9F810400136304605B0BDE818
:105F8000F08F002005B0BDE8F08F00BF00000000DA
:105F90002DE9F04F16461F46816B9FB00446CDE9B0
:105FA00004672B9D41B10123C26B93408B604A6013
:105FB00001F02CF80023A363B7F10009B4BF01235B
:105FC00000232B60B44BBCBF29F00049CDF81490DE
:105FD00033EA090300F0A480DDE9042310461946E2
:105FE00000220023CDE90201FAF72CFD824668B1B8
:105FF00001232A9A13602C9B13B1A84B2C9A13608F
:10600000A74B079307981FB0BDE8F08F1CAB019317
:106010001DAB00932046DDE9022301F043FB5FEA5C
:106020001955DDF87080099040F090801D9D454421
:1060300005F23243202B40F32D82C3F1400309FACD
:1060400003F905F2124326FA03F349EA0300FAF7CB
:1060500017FA0123013D1093A1F1F87319460022AC
:10606000904BFAF7CFF886A3D3E90023FAF782FA28
:1060700085A3D3E90023FAF7C7F8064628460F465A
:10608000FAF70EFA82A3D3E90023FAF773FA02466D
:106090000B4630463946FAF7B7F806460F46FAF788
:1060A00019FD002281460890002330463946FAF750
:1060B000D3FC002840F01581A8EB0508089D08F1E5
:1060C000FF3B162D00F2F880DDE90201764A02EB73
:1060D000C503D3E90023FAF7BFFC002840F0D481C0
:1060E000B8F1000F0D9040F38A85AB440C950A90EF
:1060F00000230B93289B092B3CD8052BC4BF043BE2
:106100002893289BC8BF0025A3F10203D8BF01250F
:10611000032B31D8DFE813F0ED02EA02DF02C701FA
:1061200042F20F732A9AC9F3130959EA0609136058
:1061300019D12C9B002B00F02E875C4B0793083362
:106140002C9A079813601FB0BDE8F08FDDE90201BB
:10615000C1F3130343F07F53CDF840A0A5F2FF3500
:1061600043F440137AE72C9B002B40F09881504B6E
:10617000079347E700232893002520462946E56337
:1061800000F01EFF0790002800F0AE86079BA36377
:106190001D9B002BC0F2B380089A0E2A00F3AF803B
:1061A000DDE90289404B404603EBC203D3E90067B7
:1061B000494632463B46CDE90467FAF705FBFAF754
:1061C00089FC0546FAF76CF932463B46FAF7D2F9F4
:1061D0004FF0FF3A0B46024649464046FAF712F89E
:1061E00005F13003079D05F8013B02944FF00109CA
:1061F0005446DDE904AB1DE052465B463046394665
:10620000FAF7E2FAFAF766FC8046FAF749F95246DD
:106210005B46FAF7AFF909F101090B460246394628
:106220003046F9F7EFFF08F13003A14505F8013BCF
:1062300000F0428500221F4BFAF79CF90022002350
:1062400006460F46FAF7FEFB0028D5D0AB46089F5E
:10625000029C01372046099900F0D8FE00238BF8F4
:1062600000302A9B1F602C9B002B3FF4CBAE07987D
:10627000C3F800B01FB0BDE8F08F00BFAFF30080DF
:1062800061436F63A787D23FB3C8608B288AC63F3C
:10629000FB799F501344D33F0000F07FC196000864
:1062A000C09600080000F83F18980008C49600083F
:1062B000D09600080000244001230D93BBF1000F8D
:1062C000C0F2DC8000230A93089B002B80F2D3806D
:1062D0000A9A089BD21A0A9200225B420C920B93F4
:1062E00008E74846FAF7DCF832463B46FAF7AAFBDD
:1062F00000287FF4E1AE09F1FF330893DCE64FF0AC
:10630000FF3A2995CDF850A0109A002A40F0F48168
:106310001C9B0B9FC3F136030A9A01212046D51816
:106320009B4400F037FF0A9A0646002A40F0828319
:106330000B9B002B00F0F683002F40F0DA83204601
:106340000B9A099901F008F8012309900B93012198
:10635000204600F01FFF0C9B0290002B40F00483AE
:10636000289B012B40F38C830120584410F01F0020
:1063700000F0CA81C0F12003042B40F39A830A9BEA
:10638000C0F11C00034405440A938344002D05DD3D
:106390002A462046099901F03FF80990BBF1000F09
:1063A00005DD5A462046029901F036F802900D9B11
:1063B000002B40F0EF82BAF1000F40F3B0820B9B4C
:1063C000002B40F0FC81089F01370125DDF81C807F
:1063D000DDF824B0DDF8089007E0594600230A22D2
:1063E000204600F01DFE8346013549465846FFF71A
:1063F0002FFD554500F1300008F8010BEDDBBAF137
:10640000000F0AF1FF35D8BF0025079B81465A1CB3
:1064100005EB020A0025CDF824B001220999204697
:1064200000F0FAFF0299099001F06AF8002840F3A1
:106430007C83079A02E0924500F082831AF8013CBF
:10644000D346392B0AF1FF3AF5D001338AF80030F0
:106450002046029900F0DAFD002E3FF4FBAE2DB18C
:10646000B54203D02946204600F0D0FD31462046F3
:1064700000F0CCFDEEE69B440C9339E6C8F1010335
:106480004FF0000B0A931FE7089B013B0893002382
:106490000D9313E7C3F1200306FA03F0D7E59E4BF3
:1064A000079303334CE601231293299B089A134464
:1064B00003F1010A5646012EB8BF01261493172E88
:1064C00040F36085012204235B0003F11400B04215
:1064D000114602F10102F7D9E163204600F070FD98
:1064E0000790002800F00085BAF10E0FA06300F2BB
:1064F0002181002D00F01E81089A002A40F3568366
:10650000864902F00F0301EBC303D1054FEA2215C0
:10651000D3E9006740F1EE83DDE90201804B4FF0E3
:106520000309D3E90823FAF74FF9CDE90E0105F085
:106530000F0585B1DFF8E881EA0740F1E180F8E86E
:10654000022330463946FAF715F86D1006460F4615
:1065500009F10109F0D1DDE90E0132463B46FAF7B7
:1065600033F9CDE90E010D9B53B1DDE90E67002231
:10657000304639466B4BFAF76FFA002840F06E84CC
:106580004846F9F78DFFDDE90E23F9F7F3FF002206
:10659000654BF9F739FE0646A1F15077BAF1000FC5
:1065A00000F0E182089BCDF854A01B935B4B15993A
:1065B0001A9303EBC10353E90212CDE91867DDE931
:1065C0000E56CDE9161228463146FAF783FA00F145
:1065D00030035FFA83F8F9F763FF0B460246314652
:1065E0002846F9F70FFE079B0F4612995D1C0646D9
:1065F0000E95002900F0B183DDE9162300204B49F8
:10660000FAF7E2F8DDE91823F9F7FCFD02460B463C
:10661000DDF81CC0CDE912238CF8008032463B46E1
:10662000FAF738FA002840F06D84DDF85480CDF890
:1066300058B0CDF854A04FF00009DDE912AB0E942C
:106640002BE009F10109C14580F2D081504659463D
:106650000022374BF9F78EFF0022354B82468B46DE
:1066600030463946F9F786FF0F460646FAF732FA02
:106670000446F9F715FF02460B4630463946F9F74E
:10668000C1FD303452465B4605F8014B06460F46C5
:10669000FAF7E2F9002840F0348432463B46002005
:1066A0002049F9F7AFFD52465B46FAF7D5F90028C5
:1066B000C7D01B9E0E9C079A013602E0954200F05F
:1066C000F583AB4615F8013D392BF7D00133DBB22A
:1066D00037462B70BEE501231293299B002B40F314
:1066E000B881299B9A461E461493E8E6002312932C
:1066F000DBE600231293F0E70B9F03F233430BE634
:106700006D1008F1080817E71C230A9A1D441A4463
:106710000A929B443AE600BFD096000818980008F9
:10672000F09700080000F03F00001C400000E03F30
:10673000000024401D9B002BC0F24881089A0E2ABD
:1067400000F34481A74B1A93089A1A9B03EBC203E8
:10675000D3E90023CDE90423299B002B80F2D182C9
:10676000BAF1000F00F3CD8240F01682DDE904019A
:1067700000229D4BF9F7FEFE02460B46DDE90201C1
:10678000FAF774F95146002840F007823123DDF80A
:106790001CB020460BF8013B00F038FC089F023784
:1067A00058E5314600230A22204600F039FC149BAC
:1067B0000646002B40F3E083DDF850A008950A9BC5
:1067C000002B05DD31461A46204600F025FE064620
:1067D0000C9B002B40F05982B046079B03F1FF3B16
:1067E0001D460BEB0A030A93049BDDF824B003F06B
:1067F00001030B9302995846FFF72AFB3146824664
:10680000584600F07DFE029907464246204600F0B9
:1068100097FEC36801460AF13009002B36D1099072
:10682000584600F06DFE09990990204600F0EEFBF5
:10683000099B002B58D1289B1BB90B9B002B00F008
:106840008483002FC0F24D83AA460A9B0AF8019B5D
:106850009D4200F07A82594600230A22204600F029
:10686000DFFB4645834631464FF000034FF00A02F6
:10687000204633D000F0D4FB414600230A220646CE
:10688000204600F0CDFB55468046B3E72046CDF8C4
:1068900024B000F0BBFB002F06DB049B03F00102D9
:1068A000289B1F433A432CD101220999204600F02E
:1068B000B3FD0299099000F023FE002840F32983DC
:1068C000B9F1390F00F0F5820AF13109AB46089FA2
:1068D0003546013746460BF8019BB9E500F0A0FBB1
:1068E00055460646804685E7002FC0F20483289A65
:1068F00017430B9A174300F0FE82002BA4DDCDF85E
:1069000024B0B9F1390F00F0D482AB46089F09F1E9
:1069100001033546013746460BF8013B98E5289BB5
:10692000022B7FF74CADBAF1000F40F09081534637
:1069300005220299204600F073FB01460290099857
:1069400000F0DEFD002840F382813123DDF81CB029
:10695000204602990BF8013B00F058FB089F0237D4
:10696000002E7FF483AD75E41A460146204600F000
:10697000F3FC289B0290012B40F37A8100230C93B7
:10698000029A136902EB8303186900F09BFBC0F1C4
:106990002000EAE40299099800F0B2FD0028BFF651
:1069A0000AAD00230A2220460999089D00F038FB11
:1069B0000B9B013D0990002B7FF4F3AE149B002B41
:1069C00040F3CF82089FDDF850A0FEE4129ABAB9D6
:1069D0000A9B002B72D10B9B002B40F080801D4640
:1069E0001E46B4E418980008000014401D9B0E9C3D
:1069F000002BDDE915AB03DB089A0E2A7FF7A4AE66
:106A0000289A012A7FF780AC0B9B0AF1FF37BB4223
:106A1000C0F2FD80BAF1000FA3EB070780F29E825F
:106A2000012120460A9D00F0B5FB0646A5EB0A08A9
:106A3000CDF82880BBF1000F7FF77AAC0A9A5A454F
:106A40001346A8BF5B46D21AED1A0A92ABEB030BB2
:106A50006EE400212046E16300F0B2FA07900028BE
:106A600000F04282079BA363002D40F0FD801D9B38
:106A7000002BC0F2638201229246149229925DE6B5
:106A8000049B002B7FF470AC059BC3F31303002B16
:106A90007FF46AAC059B23F000431B0D1B05002B04
:106AA0003FF462AC0123013518460BF1010B0C9346
:106AB0005BE43FF46BACC0F13C0326E6BBF1000F96
:106AC00000F0B3810A9A0B9E5A451346A8BF5B4655
:106AD000D51AABEB030B0A95002E3FF438AC2046D9
:106AE0000B9A099900F038FC002609900B960A9D34
:106AF0002DE431463A46204600F02EFC0646DDF8ED
:106B0000248031464246204600F072FB41468046D2
:106B1000204600F07BFA0B9BCDF82480DB1B0B9307
:106B20007FF40DAC01230B9311E403D119F0010F95
:106B30007FF47FACD3461AF8013D302BFAD087E4BE
:106B40003123079A0137137082E44846F9F7A8FC0D
:106B5000DDE90E23F9F70EFD0022B64BF9F754FBE1
:106B60000646A1F150770022DDE90E01B24BF9F79C
:106B700049FB32463B4680468946F9F78BFF0028A1
:106B800040F0A28140464946324607F10043F9F7FA
:106B900063FF00283FF4CEAD0021204600F036FA16
:106BA000299BDDF81CB05F42FFF754BB00F04E811B
:106BB000DDE90201089BA14A5D4205F00F0302EBEB
:106BC000C303D3E90023F9F7D5FC2D114FF00209D7
:106BD000CDE90E013FF4C7AC994EEB070CD5DDE9CA
:106BE0000E01F6E80223F9F7C5FC6D10CDE90E01A0
:106BF00009F10109F1D1B6E46D100836EDE7C8F1ED
:106C000001030A93089B9B460C93FFF771BA0B9BF9
:106C10000C9ADDF82880FB1A1A44012120460C92B8
:106C200000F0B8FA43460646D34408EB0A050B9732
:106C3000002B3FF484AB0A9A5A451346A8BF5B4623
:106C4000D21AED1A0A92ABEB030BFFF778BB204682
:106C5000029900F0DBF9299BDDF81CB05F42002EA1
:106C60007FF404ACFFF7F6BAAA461495299543E4DD
:106C7000049B002B7FF482AEDDE90412C2F3130300
:106C8000002B00F04D810C917AE62046716800F0EF
:106C900097F90546002800F08281336906F10C015E
:106CA00002339A000C30F9F733FA012229462046C4
:106CB00000F0B2FB804690E5029C02460B46F9F7D5
:106CC000A3FADDE90423089F824601378B463E463E
:106CD000F9F7E0FE48B9DDE9042350465946F9F7D3
:106CE000B1FE20B118F0010F01D0079AE9E4AB46DC
:106CF000FFF7B0BADDE902234FF00209CDE90E2318
:106D000017E4079B01330E93DDE90256DDE9042306
:106D100028463146F9F758FDF9F7DCFE8046F9F7C9
:106D2000BFFBDDE90423F9F725FC02460B462846A4
:106D30003146F9F767FA079A08F13003BAF1010F03
:106D40000E9D13707FF451AAB7E7089F3546CDF822
:106D500024B046460137FFF760BBDDE91823DDE9C3
:106D60001601F9F707FC079BCDE9100183F80080B5
:106D7000159B012B23D0079B159ADDF8388003EB78
:106D8000020900222F4B30463946F9F7F3FB0F4634
:106D90000646F9F79FFE0546F9F782FB02460B46C9
:106DA00030463946F9F72EFA303508F8015BC84508
:106DB00006460F46E5D10E9B5D1E159B1D44002225
:106DC000DDE91089204B40464946F9F71DFA324665
:106DD0003B46F9F741FE002840F0968042464B467C
:106DE00000201949F9F70EFA32463B46F9F752FEF0
:106DF00080B91D9B002BFFF6EBAD089B0E2B3FF7D8
:106E0000E7AD1A9B089A03EBC207D7E90023CDE947
:106E1000042379E715F8013CAB46302B05F1FF352B
:106E2000F8D01B9F0137FFF715BA0B9E002E7FF499
:106E300056AE5CE600001C400000144018980008A4
:106E4000F0970008000024400000E03FDDE9022345
:106E50004FF00209CDE90E23FFF785BBBAF1000F11
:106E60003FF473AE149D002D7FF764AC089B304651
:106E7000013B394600221B934C4BF9F77BFB024642
:106E80000F46164609F10100CDE90E67F9F708FB38
:106E900032463B46F9F76EFB0022454BF9F7B4F951
:106EA00015950646A1F15077FFF780BB31230136D7
:106EB0000EE4AA463923089F3546079A464601370D
:106EC0000AF8013BFFF7BABA3123DDF81CB0002104
:106ED00020460BF8013B00F099F8089F0237FFF7B6
:106EE000B9B9CDF824B0F1E4002240F2AF11314B32
:106EF000314800F033FE002BCDF824B03FF7D4AC7E
:106F0000E4E40E9CAB468CE71B9E079A0136FFF724
:106F1000D8BB7FF4DBAC19F0010F7FF4D1ACD5E422
:106F2000059B23F000431B0D1B05002B3FF427ADF1
:106F3000012301350BF1010B0C9321E5129B2BBBB7
:106F400001239A461493299342E5B9F1390FCDF8FC
:106F500024B0AED0002F3FF7B7ACB7E45346FFF7ED
:106F6000DBB9289A022A03DC9A46089FFFF72DBA5C
:106F70000895DDF850A0D6E4289A0895022AF8DC96
:106F80009A461CE40021E163FFF7A7BA129B9A46D8
:106F90002993149338E5094B0793FFF733B802465A
:106FA00040F2EF21034B044800F0D8FD00002440DC
:106FB00000001C40D4960008E8960008C49600081B
:106FC00038B5436C05460C464BB153F8240080B1EC
:106FD000026843F824200023C0E9033338BD21228E
:106FE000042100F0DBFD034668640028EDD1002099
:106FF00038BD0121284601FA04F56A1D920000F00F
:10700000CDFD0028F3D0C0E90145E4E731B1436C80
:107010004A6853F82200086043F82210704700BF06
:107020002DE9F0414FF0000E0E461C460D69074653
:1070300001F1140001680EF1010E8BB202FB034353
:10704000090C4FEA134C02FB01CC9BB203EB0C433F
:10705000754540F8043B4FEA1C44EBDC3CB1B36897
:10706000AB4207DD06EB850301355C6135613046D7
:10707000BDE8F081716838460131FFF7A1FF804615
:10708000A8B1326906F10C01023292000C30F9F716
:107090003FF87B6C726853F82210316043F822602D
:1070A000464606EB850301355C613561DFE7024644
:1070B000BA21024B024800F051FD00BFD4960008EF
:1070C0002C970008B0F5803F03463ABF102083405C
:1070D0000020B3F1807F3CBF1B020830B3F1805F1A
:1070E00006D3B3F1804F0FD29A0012D40330704709
:1070F0001A01B2F1804F00F1040006D29B0108D4BE
:107100005B00F3D4202070471A46002AFBDB0130D5
:1071100070470230704700BF03680246590709D024
:10712000D8071FD499074BBF5B089B08012002209A
:107130001360704799B279B91B0CD9B2A1B1102074
:10714000190701D104301B09990712D0D90701D4BE
:1071500001305B0813607047D9B241B1180714D1F0
:107160000420F0E70020704718201B0AE8E70820F9
:10717000FBE713F0040F4FEA930102D00B460230F5
:10718000E8E7DB0804D1202070470320C340E1E793
:107190000330DFE738B5436C04460D464BB1586801
:1071A000B0B102685A60002201234561C0E903239F
:1071B00038BD2122042100F0F1FC03466064002860
:1071C000EDD1002240F24511074B084800F0C6FC03
:1071D0001C220121204600F0E1FC0028F1D0012210
:1071E0000223C0E90123DEE7D49600082C970008AB
:1071F0002DE9F04FD1F8108015690E46A84592464A
:1072000085B005DB2A46534645468A4690461E46CB
:10721000DAF80830DAF8041005EB0804A342B8BF26
:107220000131FFF7CDFE002800F08A8000F114073D
:1072300007EB840E774505D23B46002243F8042B2A
:107240009E45FBD8143606EB88080AF1140946451A
:1072500009EB850567D2A5EB0A03153B0AF1150A70
:1072600023F00303AA4594BF9B464FF0000BCDF8D3
:1072700008E08246AE46039405E0090C2BD1B045E8
:1072800007F104074CD956F8041B8DB2002DF4D039
:10729000CC463C46002301965CF8040B216886B27C
:1072A0008AB205FB0622000C090C05FB00111A44EA
:1072B00001EB124192B242EA0142E64544F8042B46
:1072C0004FEA1143E8D8019E07EB0B02536056F8D2
:1072D000041C090CD3D000223B6848461D463C469E
:1072E000944602889BB201FB02C202EB154243EABC
:1072F000024344F8043B50F8043B25684FEA134C22
:10730000ABB201FB0C33864503EB12434FEA134C3F
:10731000E7D807EB0B02B045536007F10407B2D87A
:10732000DDE902E45046002C02DC05E0013C03D01C
:107330005EF8043D002BF9D0046105B0BDE8F08F84
:1073400002464FF4B171024B024800F007FC00BF47
:10735000D49600082C97000812F003032DE9F041A1
:107360001446074632D10E46A4102CD03D6C002D99
:1073700035D004F001034FF0000864103BB92868D1
:10738000B8B1054604F001036410002BF7D02A467B
:1073900031463846FFF72CFF36B17B6C716853F8E5
:1073A0002120326043F8216074B106462868002825
:1073B000E7D12A4629463846FFF71AFF28600546D6
:1073C000C0F80080DEE73046BDE8F0810F4A013B9F
:1073D00052F823200023FFF723FE0646C4E70121CD
:1073E0003846FFF7EDFD054640B140F2712301221A
:1073F000C0E90423002338640360BAE7024640F280
:107400004511034B034800F0A9FB00BFE0970008BB
:10741000D49600082C9700082DE9F0470C46276900
:10742000A36807EB62177D1C9D429046064649689B
:107430004FEA621904DD5B009D4201F10101FADCB3
:107440003046FFF7BDFD00284ED0B9F1000F00F126
:1074500014010CDD0B464FF0000C09F1050200EBA6
:10746000820243F804CB9342FBD101EB89012269EC
:1074700004F1140318F01F0803EB820C2CD08E4685
:107480004FF0000AC8F120091A6802FA08F242EA2D
:107490000A024EF8042B53F8042B9C4522FA09FAF1
:1074A000F2D8ACEB0403153B23F0030304F11502FF
:1074B000944538BF0023043341F803A0BAF1000F0C
:1074C00000D13D46736C6268056153F8221021605B
:1074D00043F82240BDE8F087043953F8042B9C455B
:1074E00041F8042FF9D8ECE702464FF4EF71024B54
:1074F000024800F033FB00BFD49600082C97000828
:1075000084460B690069C01A15D10CF1140C1431B2
:107510000CEB830210B401EB830301E0944508D225
:1075200052F8044D53F8041D8C42F7D004D24FF0AA
:10753000FF3010BC70477047012010BC704700BF7F
:107540002DE9F04F13690D698946ED1A002D144697
:1075500083B012D101F11407143202EB830207EB5E
:10756000830301E09F427BD253F8046D52F8041D5F
:107570008E42F7D07FD2012503E0FCDB00250C46CC
:1075800091466168FFF71CFD00287FD000F11401CF
:1075900088464FF0000C2769D9F8103004F1140B1D
:1075A000C56009F1140504F1100205EB830A0BEB29
:1075B000870ECDF804B055F8044B52F8046F1FFA4B
:1075C00084FBB3B2A3EB0B03240C6344C4EB16445B
:1075D00004EB23449BB243EA0443AA4548F8043B26
:1075E0004FEA244CE7D8AAEB0902153A22F003022D
:1075F00009F11509CA4538BF0022DDF804B00BEBCC
:10760000020504350A44AE452C4602F104061DD994
:10761000A1EB0B01E24604EB010954F8042B93B2F1
:1076200063444FEA124808EB234802EB0A039BB27B
:1076300043EA0843A6454FEA284CC9F80030E9D888
:107640000EF1FF32521B22F00302324423B952F8EA
:10765000043D013F002BFAD0076103B0BDE8F08F75
:107660000021FFF7ADFC50B101220023C0E9042343
:1076700003B0BDE8F08F23464C46994681E70246A9
:1076800040F23721054B064800F068FA024640F206
:107690004521024B024800F061FA00BFD496000871
:1076A0002C970008F0B5012183B016461F46FFF75E
:1076B00087FC0546002845D0C7F30A54C7F31303D7
:1076C0000CB143F48013002E019314D101A8FFF7ED
:1076D00023FD0121019B20306B61296114B3089BBC
:1076E000A4F2334404441C60099BC0F135001860C7
:1076F000284603B0F0BD68460096FFF70DFDDDE9B2
:10770000002330B1C0F1200103FA01F1C3400A4364
:107710000193002B0CBF012102216A61AB61296139
:10772000002CDCD105EB8102A0F232431069089AEB
:107730001360FFF7C7FC099BC0EB41101860284697
:1077400003B0F0BD024640F20F31024B024800F098
:1077500005FA00BFD49600082C9700082DE9F047E1
:107760001D468F680C46AF4216460B6836D8B1F9F5
:107770000CC01CF4906F0ED13D46184631462A4687
:1077800000F068F90020A368DF1B2368A7602B4482
:107790002360BDE8F0874A69096902EB42025F1A7B
:1077A00002EBD2726B1C52103B44934292BF914643
:1077B00099461A461CF4806F804611D01146FBF79B
:1077C00083FD824600B33A462169F8F7A1FCA389FC
:1077D00023F4906343F08003A38105E02F46CCE7B8
:1077E00000F028FA824658B10AEB0703A9EB070715
:1077F000A760C4F810A02F46C4F814902360BCE71B
:1078000040462169FBF76CFC0C22A3894FF0FF3046
:1078100043F04003C8F80020A381BAE770B50029FF
:107820003FD006460C4610B1436B002B3CD0636E34
:10783000B4F90C20DD0732D4900538D52146304606
:1078400000F04CF8E36A054633B13046E1699847E9
:107850000028B8BF4FF0FF35A3891A0639D4216B31
:1078600041B104F14003994202D03046FBF738FCA5
:1078700000232363616C21B13046FBF731FC002308
:107880006364FEF715F90022636EA281DB071CD545
:10789000A06DFEF725FAFEF711F9284670BD002A03
:1078A000CCD10025284670BDFEF7E4F8BFE7A06DF7
:1078B000FEF718FAB4F90C30002BBFD1636ED9076C
:1078C000EFD4A06DFEF710FAEBE7A06DFEF70CFA0F
:1078D000DEE730462169FBF703FCC0E7B1F90C2075
:1078E000F8B513070C46074648D4496842F40063CC
:1078F0000029A3815FDDA66A002E3DD0002112F48D
:1079000080523D68396062D101233846E169B04751
:10791000461C024668D0B4F90C30A66A580705D553
:107920006368D21A236B0BB1E36BD21A0023E169AF
:107930003846B047411CB4F90C304AD139681D298A
:107940003FD82E4ACA40D2073BD500226260226946
:10795000DE04226023F40062A28101D5002941D017
:10796000216B3D6041B104F14003994202D0384699
:10797000FBF7B6FB002323630020F8BD0E69002E41
:10798000FAD0920718BF00230D6808BF4B690E603C
:10799000AD1B8B600CE02B463246D4F824C0384631
:1079A000E169E047B0F1000CA5EB0C05664406DD8B
:1079B000002DF0DCE0E7E16B00299CDCDCE7B4F9AA
:1079C0000C3043F040034FF0FF30A381F8BD226D2F
:1079D000A4E7002262602269226023F40062DB04D3
:1079E000A281BDD52065BBE73B68002B93D01D2B42
:1079F00001D0162BE3D13D60BEE700BF010040205F
:107A000038B505460C4608B1436B03B3B4F90C0016
:107A100088B1636EDB0701D481050FD52846214666
:107A2000FFF75CFF636E0546DA0702D4A3899B0566
:107A300008D5284638BD0546284638BDA06DFEF756
:107A400051F9EBE7A06DFEF74FF9284638BDFEF778
:107A500011F8DBE788420DD98B1883420AD900EB75
:107A6000020C5AB3624613F801CD994202F801CDD7
:107A7000F9D170470F2A0DD802F1FF3CF2B10CF199
:107A8000010C431E8C4411F8012B614503F8012FB2
:107A9000F9D1704740EA01039B07F0B50C460ED0C0
:107AA000034602F1FF3C0CF1010C013B8C4411F840
:107AB000012B614503F8012FF9D1F0BD7047A2F108
:107AC000100525F00F0501F1200E01F11003AE4461
:107AD00000F1100C53F8106C10334CF8106C53F884
:107AE0001C6C0CF1100C4CF81C6C53F8186C4CF816
:107AF000186C53F8146C73454CF8146CEAD101EB14
:107B0000050C0CF11001054412F00C0F05F11003E7
:107B10008E4602F00F0518D0043D25F00305AC4455
:107B20000CF1140C041B0F460E193F68043161451B
:107B30003760F8D12C1D04EB0E01234402F0030240
:107B400002F1FF3C002AAED1F0BD2A46F8E700BFA3
:107B5000014B1868704700BF08000020144600B5AC
:107B60001A460A4B0D461B6885B0DE6803464CB1C9
:107B700007490191304607490294009500F010FA38
:107B800001F04EFC04490C46F3E700BF080000205A
:107B900080970008909700088C97000838B5A1FBE3
:107BA000021454BBFBF790FB054650B350F8042C6D
:107BB00022F00302043A242A10D8132A13D91B2ACC
:107BC000C0E9004416D9242AC0E902440ABFC0E92A
:107BD000044400F1100200F1180205E02146FBF711
:107BE000ADF9284638BD024600232846C2E90033D5
:107BF000936038BD00F10802F6E7FFF7A9FF0C23F8
:107C000003600025284638BD82B049B15AB16BB136
:107C100013780B601278101E18BF012002B0704755
:107C200001A9002AF3D1104602B070476FF001009D
:107C3000F4E700BF2DE9F84F1646002900F09880C0
:107C40000C46804606F10B05FBF7FCFD54F8041CBE
:107C5000162DA4F1080921F0030758D81025AE42CB
:107C600058D8AF4262DAC04B09EB070C9A68DCF8CF
:107C70000400624500F0928020F0010363445B68D9
:107C8000DB076AD420F003003B189D4249DDCB0797
:107C900012D454F8083CA9EB030BDBF8043023F0B2
:107CA0000302104400EB070A554540F3F88007EB48
:107CB000020A554540F3CE8031464046FBF704FBAF
:107CC0000646002800F0238154F8043CA0F1080285
:107CD00023F001034B44934200F0B6803A1F242A5C
:107CE00000F2D980132A00F2A480034622461168CC
:107CF00019605168596092689A6021464046FBF7C6
:107D0000EFF94046FBF7A4FD3046BDE8F88F35F0AB
:107D10000705A4D50C23C8F8003000263046BDE87E
:107D2000F88F1F46DCE90223D3609A60D9F804304B
:107D30007A1B0F2A03F0010309EB07001DD83B4310
:107D4000C9F80430436843F0010343604046FBF741
:107D50007FFD26463046BDE8F88FC907ACD454F8FD
:107D6000083CA9EB030BDBF8043023F003029EE789
:107D70001146BDE8F84FFBF7A7BA2B4309EB050105
:107D800042F00102C9F804304A604368083143F008
:107D9000010343604046FBF7A3F9D7E720F0030057
:107DA000C21905F1100C624580F29280CA0783D493
:107DB00054F8082CA9EB020BDBF8042022F0030294
:107DC000104400EB070AD4453FF771AF5E46DBF87D
:107DD0000C1056F8080F3A1F242AC160886000F280
:107DE000B080132A40F2AB8021681B2ACBF8081020
:107DF0006168CBF80C1000F2AA8008340BF1100275
:107E00002168116061685160A1689160AAEB050268
:107E10000BEB050142F0010299604A60DBF8043087
:107E2000404603F001032B43CBF80430FBF710FD71
:107E300090E723681B2A0360636843603DD804F120
:107E4000080200F1080352E750F8043C23F0030352
:107E50001F446BE75E463A1FDBF80C3056F8081FEC
:107E6000242ACB60996023D8132A1FD923681B2AA0
:107E7000CBF808306368CBF80C303CD808340BF1F1
:107E8000100322681A6062685A60A2689A603446D9
:107E90005746D9464AE72146FFF7DCFD2DE7DCE9E6
:107EA00002135E46CB603A1F9960D5E73346E8E798
:107EB00021463046FFF7CEFDE9E7A368242A836018
:107EC000E368C36027D004F1100200F110030EE74D
:107ED000521B09EB050142F0010299604A6054F817
:107EE000043C404603F001032B4344F8043CFBF7F9
:107EF000AFFC26462EE7A368242ACBF81030E368AF
:107F0000CBF8143010D010340BF11803B9E7404609
:107F1000FBF79EFC01E7236904F118020361636922
:107F2000436100F11803E2E623691834CBF81830F6
:107F300054F8043CCBF81C300BF12003A1E7324687
:107F40005EE721463046FFF785FD074B5EE7A168F7
:107F5000242ACBF81010E168CBF8141006D01034A6
:107F60000BF118024CE700BF5801002022691834B9
:107F7000CBF8182054F8042CCBF81C200BF120026D
:107F80003EE700BF034649B1FF2A02D801200A702C
:107F900070478A224FF0FF301A60704708467047DA
:107FA0000EB400B5074A82B003AB0146106853F81F
:107FB000042B019300F008F802B05DF804EB03B065
:107FC000704700BF080000202DE9F04FBBB01C46F1
:107FD0001646CDE90630029118B1436B002B00F034
:107FE000A086029B596EB3F90C20CB0740F1E884C0
:107FF000970400F18685029B42F4005221F400515F
:108000009A81596612B2130740F1B684029B1B692C
:10801000002B00F0B18402F01A030A2B00F0BB849D
:1080200011AB0E930023CDE90F33CDE908330DF1E9
:10803000440B0A9304930196019B1B78002B00F0DC
:10804000F080019C04E014F8013F002B00F07C83D9
:10805000252BF8D1019BE51A40F07A832378002B79
:1080600000F0DF804FF000034FF000094FF0FF3ABF
:108070008DF83330CDF80C90637801340134A3F1DE
:1080800020025A2A5CD8DFE812F035035B005B005F
:1080900031035B005B005B0013035B005B00F200DD
:1080A0000E035B00720143035B003F03E200E2004A
:1080B000E200E200E200E200E200E200E2005B0037
:1080C0005B005B005B005B005B005B005B005B00D8
:1080D000FF00C5015B005B005B005B005B005B00B9
:1080E0005B005B005B005B0080015B005B005B0092
:1080F0004B015B00D5025B005B008C055B005B0005
:108100005B005B005B005B005B005B005B005B0097
:10811000FF000E015B005B005B00A8020E01FB008C
:108120005B0076015B00C602B2025802FB005B00F6
:108130004B01F900ED025B005B00B2055B00F9004A
:108140000194002B6DD08DF88430002301279A46CE
:10815000059721AC8DF8333019F08408DDE90F0C58
:10816000614602462AD1039BDD1B002D00F3558496
:108170009DF8333033B34FF00008464601200132FA
:108180000131CBF80400072A0DF13300CDE90F21AE
:10819000CBF8000000F396830BF1080B76B10223B5
:1081A00001320231CBF80430072A0DABCDE90F21A3
:1081B000CBF8003000F393830BF1080BB8F1800F7C
:1081C00000F0DC82059BAAEB0305002D00F31D8364
:1081D000059B01321944072ACDE90F21CBF8004055
:1081E000CBF8043000F34E830BF1080B19F0040FA9
:1081F00004D0039BDC1B002C00F37E83DDE903230A
:10820000BA42ACBF9B18DB190493002940F04683A7
:1082100000230F93019B0DF1440B1B78002B7FF47F
:1082200010AF109B002B40F0788600230F93029B29
:108230005A6EB3F90C30D10702D49A0540F1698522
:108240005B0600F1E68304983BB0BDE8F08FA3F134
:1082500030020023194614F8013B01EB810102EBC7
:108260004101A3F13002092AF5D9039107E7069BE2
:1082700053F8042B002A0392069375DB2378FDE65E
:10828000237849F02009F9E600220127069B92464F
:108290008DF8332053F8042B0194059721AC8DF809
:1082A0008420069358E719F0200F019400F04E84C3
:1082B000069B073323F007031A465B6852F8085BF6
:1082C0001F460692002BC0F2B780BAF1000F05DB03
:1082D00055EA070329F0800900F0A8840A2D77F1F8
:1082E000000380F0BA8005F13003DBB257468DF809
:1082F000E7309DF83330012FB8BF0127002B00F085
:10830000EA830123013705930DF1E70419F084088E
:10831000DDE90F218C4610463FF425AF00262DE7FE
:108320004FF00008069D019455F8044B8DF83380FA
:10833000002C00F00D85BAF1000FC0F27E84524689
:1083400041462046FDF7E0FC9DF83330002800F060
:10835000D385021B059222EAE2770695002B00F0F6
:108360007884C2460137D1E7039B5B4203932378AD
:1083700049F0040982E623786C2B03BF637849F047
:108380002009013449F0100978E619F0200F019412
:1083900049F0100700F0D383069B073323F007034F
:1083A000596853F8082B069300239A458DF833300B
:1083B000C0F28E8352EA010327F4906900F09183A2
:1083C0003AAC02F00700D20842EA4172C9083030E4
:1083D00052EA0105234604F8010DF2D119F0010F0C
:1083E00000F0FF82302800F0FC823022023B04F8CB
:1083F000012C3AAAD51AAA455746B8BF2F46DDE93F
:108400000F2119F084088C46104640F096851C46D2
:108410000595A8E619F0200F019449F0100240F0EC
:108420007883069B0433069906930D689146EF17EF
:108430003B46002BBFF649AF2D236D4267EB470744
:10844000BAF1000F8DF83330FFF648AF0A2D77F1FF
:10845000000329F08009FFF446AF09F48063CDF8EA
:108460002C9000201E46DFF80C83DDF820903AA9FE
:10847000CDF814A023E0EB1943F10003A8FB032C73
:108480002CF0030202EB9C029B1A4FF0CC32AA465E
:10849000BE46EB1A02FB03F267F1000708FB072256
:1084A000A3FB0853BAF10A0F13444FEA55057EF1B6
:1084B000000E214645EAC3754FEA530729D3EB194D
:1084C00043F10003A8FB032C2CF0030202EB9C02F7
:1084D0009B1AEB1AA3FB083267F1000C08FB0C2275
:1084E0005B0843EAC27303EB8303A5EB430330331A
:1084F00001304C1E01F8013C002EBCD099F8003030
:108500008342B8D1FF28B6D00A2D77F1000380F05E
:108510006284DDF814A03AAA121B52450592B8BF36
:1085200052469DF83330CDF820901746DDF82C9058
:10853000002B3FF411AE0137E8E647F63003002286
:108540000194069CADF8343054F8043B9245114632
:1085500018468DF83320C0F2518329F0800242F092
:1085600002090694002B00F0FD830225824A03F0E5
:108570000F03D35C8DF8E730030943EA0173080960
:1085800053EA111100F001850DF1E70403F00F012A
:10859000515C1B0943EA0073000904F8011D53EA0A
:1085A0000001F3D13AAB1B1B53450593B8BF5346AB
:1085B0001F46002D00F0ED84DDE90F0C19F0840852
:1085C0006146024607F102077FF4E9AD039BDD1B1C
:1085D000002D7FF7E4AD022620E22378682B03BF4D
:1085E000637849F40079013449F0400946E519F00F
:1085F000200F019440F0A182069B19F0100153F85E
:10860000042B40F0C08419F0400000F0DA834F469C
:10861000069392B2C8E619F0200F019400F07C8214
:10862000069B049A1B681A60D2175A60069B043393
:10863000069301E519F0200F019449F0100217D1BB
:10864000069B043300270699BA4509688DF83370F4
:108650000D46C0F2CF8222F08009002900F09F82EF
:1086600006933BE619F0200F019400F081824A4600
:10867000069B073323F0070319465F68002351F870
:10868000085B9A458DF833300691C0F2B48255EA02
:10869000070322F080097FF421AEBAF1000F00F049
:1086A000A08200251FE62B238DF833302378E5E4E4
:1086B000079E3046FDF7A8FA436818460A93FDF76F
:1086C00063FB099005463046FDF79EFA81682378E2
:1086D0000891002D3FF4D2AC00293FF4CFAC0A78CA
:1086E000002A3FF4CBAC49F48069C7E4237849F011
:1086F0000109C3E49DF833202378002A7FF4BEAC3F
:1087000020228DF83320B9E4237849F08009B5E4BC
:10871000214611F8013B2A2B00F01E84A3F1300200
:10872000092A98BF4FF0000A00F2F28311F8013BCA
:108730000AEB8A0A02EB4A0AA3F13002092AF5D9A8
:108740000C464AEAEA7A9AE4019BE51A3FF469ADDD
:10875000019BCBE90035109B2B4410930F9B0133F9
:10876000072B0F9300F3A3800BF1080B049B2B4402
:10877000049373E4CDCCCCCC90960008039BDD1B16
:10878000002D7FF71FAD102D40F3D483DFF8AC82AE
:1087900058464346CB46B846A14610261F46079C7E
:1087A00004E0103D102D00F1080015DD01321031FC
:1087B000072AC0E90076CDE90F21F2DD20460299B3
:1087C0000EAA00F037FC00287FF431ADDDE90F215F
:1087D000103D102D11A8E9DC3B464C464746D946D2
:1087E0009846834601322944072ACDE90F21CBF868
:1087F0000080CBF8045000F39882059B0BF1080B26
:10880000AAEB0305002D7FF7E3AC102DDFF82C82D7
:108810002ADD5B464FF0100AAB46079E2546029CB8
:1088200006E0ABF1100BBBF1100F03F1080318DDEC
:10883000013282481031072AC3E9000ACDE90F212D
:10884000EFDD214630460EAA00F0F4FB00287FF44D
:10885000EEACDDE90F21ABF1100BBBF1100F11AB4A
:10886000E6DC2C465D469B4601322944072ACDE9C9
:108870000F21CBF80080CBF8045000F31B810BF1E3
:10888000080BA5E4029907980EAA00F0D3FB002874
:108890007FF4CDAC10990DF1440BA7E40299079831
:1088A0000EAA00F0C7FB00283FF4B2ACBFE4029967
:1088B00007980EAA00F0BEFB00287FF4B8AC0DF1BB
:1088C000440B53E7029907980EAA00F0B3FB002867
:1088D0007FF4ADACDDE90F210DF1440B5EE40299AC
:1088E00007980EAA00F0A6FB00287FF4A0ACDDE9F3
:1088F0000F210DF1440B61E4102C0F9B40F3178303
:10890000DFF83C8110254246079EB846DDF8089006
:10891000174604E0103C102C0BF1080B16DD013358
:108920001031072BCBE90075CDE90F31F2DD494657
:1089300030460EAA00F07EFB00287FF478ACDDE91B
:108940000F31103C102C0DF1440BE8DC3A46474641
:10895000904601332144072BCBE90084CDE90F3148
:108960007FF74CAC029907980EAA00F063FB002831
:108970007FF45DAC109941E4029D0798294600F010
:10898000D5FC002840F0F282B5F90C2002F01A0361
:108990000A2B7FF445AB0299B1F90E30002BFFF69C
:1089A0003FAB4B6EDD0702D4900540F1A182234618
:1089B0003246029907983BB0BDE8F04F00F0F8BA94
:1089C000900517D593047FF516AB8F047FF51BAB8D
:1089D000029B9B899A051CD4029B986DFDF784F934
:1089E00017E03AAB1B1B53450593B8BF53461F46D0
:1089F000FFF7B2BB029DA86DFDF774F9B5F90C2025
:108A0000696E95047FF5F7AA88047FF5FCAAC9076B
:108A1000DED54FF0FF33049315E40026102D614698
:108A200040F37382DFF818805A460B96CB4610232A
:108A3000A146029E4446DDF81C8008E0E499000847
:108A4000F4990008103D102D02F1080217DD0130E5
:108A500010310728C2E90043CDE90F01F2DD3146AC
:108A600040460EAA00F0E6FA00287FF4E0ABDDE90C
:108A70000F01103D102D4FF0100311AAE7DCA046A6
:108A80004C46D94693460B9E421C2944072ACDE901
:108A90000F21CBF80080CBF8045000F310819DF833
:108AA00033000BF1080B80BB002E3FF48BAB8046EC
:108AB000FFF775BB029907980EAA00F0BBFA0028D1
:108AC0007FF4B5ABDDE90F210DF1440BFFF780BB5F
:108AD00027F4806974E401230DF1E7040593FFF79F
:108AE0003BBBBAF1000F7FF46BAC17F0010700F04D
:108AF000E180302305978DF8E7300DF1E704FFF7AB
:108B00002BBB8D047FF57FAA83E74FF00008FFF7AA
:108B100035BB9146FFF7CCBB19F0100F40F0138125
:108B200019F0400F40F0DA8119F4007F00F00B815A
:108B3000069B049A1B681A7078E54F462CE4069B46
:108B40000433069A0021126806932DE4069B19F05F
:108B5000100F53F8045B40F0238219F0400F069386
:108B600000F0138145F3C0373B462DB2FFF7AABB97
:108B7000069B19F0100753F8042B40F00E8219F0F1
:108B8000400100F00D81BAF1000F95B28DF83370FD
:108B9000FFF666AD29F08009002D7FF461AD0693E4
:108BA0007BE5CA4A019419F020016CD0069907317F
:108BB00021F007010846044654F8080B496806945A
:108BC00019F0010548D050EA010440F08F800023DD
:108BD0009A458DF83330C0F24B8129F4906940F00A
:108BE0005C81CDF814A057463AACFFF7B5BAB84A45
:108BF0000194D8E706939146FFF770BB1046B44A3C
:108C000003F00F01515C1B0918BF022549F002094E
:108C10008DF8E71006947FF4B7AC57460123012F77
:108C2000B8BF012705930DF1E704C5E4BAF1000FC1
:108C300000F028813023FFF759BB2046FDF7A4F848
:108C40009DF83330059020EAE0770695002B7FF4FD
:108C500088AB9A46FFF780BABAF1000F8DF833500F
:108C600020DB50EA010329F490694ED1BAF1000FDC
:108C700000F0FA80137857468DF8E73001250DF1A2
:108C8000E703FFF7BCBB069C54F8040B069419F0ED
:108C9000100495D119F0400571D0214680B28FE7BC
:108CA00049F0020900F00F0309F00205D35C29F432
:108CB00080695FE4CDF814A03AACFFF74DBA029991
:108CC00007980EAA00F0B6F9804600287FF4AFAAF4
:108CD000DDE90F219DF833000DF1440B00287FF4EE
:108CE0004DAA002E7FF45BAAFFF76CBA8DF83530E1
:108CF00030238DF8343000239A458DF83330CFDBA4
:108D0000022529F4906343F0020900F00F03D35CBD
:108D100030E4029CA06DFCF7E7FFB4F90C30FFF7DC
:108D20008FBAFCF7A7FEFFF75CB9029907980EAA65
:108D300000F080F900287FF47AAADDE90F210DF117
:108D4000440BFFF73FBA069B049A1B681A606DE458
:108D50005746062F28BF0627A24606955D4C059765
:108D6000FFF7FAB9BAF1000F00F09F8030238DF8B9
:108D7000E7300123574605930DF1E7041CE419F48D
:108D800000711CBF2946C0B21AE719F4007F14BF56
:108D900045F3C017EF173B4618BF6DB2FFF792BA05
:108DA00019F4007740F08780BAF1000F15468DF86E
:108DB0003370FFF655AC29F08009002A7FF450ACDF
:108DC000EDE619F4007100F08F8001464F460693DE
:108DD000D2B2FFF7E9BA099A0A99A4EB020A5046FF
:108DE000FCF7DCFE99F801300BB109F101094FF0F5
:108DF000CC310120384AEB1943F10003A2FB034EAA
:108E00002EF0030C0CEB9E0CA3EB0C03EB1A03FBF4
:108E100001F167F10007A3FB023502FB0711C34014
:108E2000294443EAC17521FA00F7EB1943F1000325
:108E3000A2FB031C2CF0030101EB9C015B1AEB1A53
:108E4000A3FB023167F1000C02FB0C12C34043EAA2
:108E5000C27303EB8303A5EB430330330AF1FF3402
:108E60000AF8013CFFF74ABB57463AABFFF7C7BACF
:108E700013782F468DF8E73029F480690DF1E70368
:108E8000FFF7BDBA9DF83330CDF814A0002B3FF4A6
:108E9000AAAE01273AACFFF739BA137857468DF8D6
:108EA000E7300DF1E703FFF7AABA5746CDF814A053
:108EB0003AACFFF781BBBAF1000F0F46D5B28DF87F
:108EC0003310BFF667AEFFF7CBBB00BFA496000818
:108ED00090960008B8960008CDCCCCCC069B049A9E
:108EE0001B681A80FFF7A2BB4F460693FFF75CBAD8
:108EF000886DFCF7F9FE5AE506953BB3CDF814A052
:108F00000AF101078246FFF701BADFF89C80BBE552
:108F10000C464FF0000AFFF7B2B8029907980EAA64
:108F200000F088F800283FF480A9FFF780B9DFF847
:108F300078800EE5DFF8748054E49DF833001C4619
:108F4000059500287FF4EAA9FFF738B95746CDF810
:108F500014A09A46FFF700B9069A637852F804AB5A
:108F60000C4606924AEAEA7AFFF788B8029A536EEC
:108F7000DF073FF54EAD93899E053FF54AAD906DF5
:108F8000FCF7B2FE45E54F46DBE50DF1E704FFF7E0
:108F900009BB2346059DFFF732BA4A46FFF752BB8D
:108FA0004A46FFF740BA00BFF4990008E499000868
:108FB0002DE9F0414FF480650027ADF58D6D1AAEB7
:108FC000CDE90557984607460096049616468B89C4
:108FD00016A823F00203ADF80C304B6E02951993DE
:108FE000CB890D46ADF80E30CB696C4607934B6AC2
:108FF0000993FCF773FE3246434669463846FEF74E
:10900000E3FF061E07DB69463846FEF7F9FC002839
:1090100018BF4FF0FF36A3895B0603D5AB8943F039
:109020004003AB81A06DFCF75BFE30460DF58D6D06
:10903000BDE8F081936810B514461BB918460023AB
:10904000636010BD00F006F80023A3600023636096
:1090500010BD00BF9368002B00F0B2802DE9F04FE7
:10906000B1F90CC017461CF0080F80460C4683B0BF
:1090700025D00B691BB31CF002033D682BD04FF0C9
:10908000000B5E46DFF8A0A2002E00F08880564557
:1090900033465A4628BF53464046E169D4F824C0B7
:1090A000E047002840F38480BB6883441B1A361ACB
:1090B000BB60002BE8D1002003B0BDE8F08F214653
:1090C000404600F033F9002877D1B4F90CC03D6870
:1090D0001CF00203D3D11CF0010973D14E46002EBF
:1090E00059D01CF4007F2068D4F808B000F0AD809F
:1090F000B3455A4600F2DC801CF4906F32D02369ED
:109100006269A0EB030A02EB420202EBD2720AF19F
:10911000010152103144914292BF93468B460A4658
:109120001CF4806F00F0E28011464046FAF7CCF85C
:10913000002800F0F280524621690190F6F7E8FF1E
:10914000A289019B22F4906242F08002A28103EB8B
:109150000A002361C4F814B0ABEB0A033246B346ED
:10916000A3602060B246002649460192FEF772FCD9
:10917000A368019AA3EB0B012368A1601344236049
:10918000BB68D144A3EB0A03BB60002B93D0B4F9B6
:109190000CC0002EA5D1D5E9009608359FE7D5E98A
:1091A00000B6083570E721464046FEF729FC68B353
:1091B000B4F90C3043F04003A3814FF0FF307BE75C
:1091C000002070471E46BA46994618461F465EB3B1
:1091D00080B34A4620682169B24228BF324688429D
:1091E000636904D9A16803EB010B5A4570DC934213
:1091F00061DC3A464046E169D4F824C0E047B0F16A
:10920000000BD5DDB9EB0B09CDD00120DAF8083021
:109210005F44A3EB0B03A6EB0B06CAF80830002B48
:109220003FF449AF002ED3D16E682B460835002E8F
:10923000FAD01F6832460A213846FCF765FD00283F
:1092400068D00130A0EB0709C3E72369834217D335
:109250006369B34214D86FF0004CB44528BFB446DC
:109260009CFBF3FC4A4603FB0CF34046E169D4F84F
:1092700024C0E047B0F1000A9ADDA6EB0A067FE7BA
:10928000B345DA4628BFB24649465246FEF7E2FBEE
:10929000A3682268A3EB0A035244A3602260002B58
:1092A000EBD121464046FEF7ABFB0028E5D07FE737
:1092B000B346324656E739460192FEF7CBFB019A98
:1092C000A36893469B1AA36023681344236099E71D
:1092D00039465A46FEF7BEFB236821465B444046AA
:1092E0002360FEF78DFB00288CD061E719464046CD
:1092F000FEF7A0FC034600287FF429AF4046216911
:10930000F9F7EEFE0C22B4F90C30C8F8002023F077
:1093100080034FE7721C91465CE70C22B4F90C30D5
:10932000C8F8002046E700BF00FCFF7F38B53B4B84
:1093300005461B680C4613B15A6B002A56D0B4F987
:109340000C3019070BD522699AB113F0010221D113
:109350009B0756BF6369A260A360002038BDDA0690
:1093600054D558071CD4226943F00803A381002A6E
:10937000EBD103F42071B1F5007F25D1D90739D5A0
:109380006169A2604942A1611A06E6D543F0400333
:10939000A38140E000226369A2605B42A361DCE735
:1093A000216B51B104F14002914204D02846F9F7F3
:1093B00097FEB4F90C30002222630021226923F0C9
:1093C0002403C4E90021CFE72146284600F030F805
:1093D000B4F90C30226913F0010112D00020616948
:1093E000A0604942A161002ACED0B6E71846FCF73A
:1093F00041FBA4E79D0707D46169A160002AC3D09F
:10940000ABE79807F9D4F7E7A260BDE7092243F07C
:1094100040032A60A3814FF0FF3038BD08000020D0
:10942000062008B500F06CF80120F7F77DFC00BFBE
:1094300070B5B1F90C300C46990796B007D50122EA
:1094400004F14303C4E90432236016B070BDB4F9DB
:109450000E10054600292BDB6A4600F07DF8002837
:1094600024DB4FF480612846019EF9F72DFFB4F903
:109470000C30A0B34FF4806206F4704643F08003D2
:10948000B6F5005FA38120602061626135D1284676
:10949000B4F90E1000F074F8B4F90C3068B323F08E
:1094A00003034FF4006243F0010314E0B4F90C30FD
:1094B00013F0800F0CBF4FF48066402628463146DB
:1094C000F9F702FFB4F90C3048B10022C4E90406F0
:1094D00043F0800320601343A38116B070BD9A054A
:1094E000B3D4012123F0030304F1430243F0020348
:1094F000C4E90421A3812260A7E74FF40062EAE7F0
:1095000038B5144B1F281D681ED8D5F838210446DD
:1095100062B152F820304BB1012B05D0591C0FD04D
:10952000002142F820109847002038BD284600F05E
:109530004DF8224601462846BDE8384000F032B8D2
:10954000162301202B6038BD16234FF0FF302B600F
:1095500038BD00BF0800002070B50026074D044646
:10956000084611462E60F7F7F0FB431C00D070BD93
:109570002B68002BFBD0236070BD00BFDC1B0020DC
:10958000002238B5064D044608462A60F7F7ECFB82
:10959000431C00D038BD2B68002BFBD0236038BDA6
:1095A000DC1B002070B50026074D04460846114616
:1095B0002E60F7F725FC431C00D070BD2B68002BF4
:1095C000FBD0236070BD00BFDC1B0020F7F72ABC76
:1095D000414443205041343A20253475207C2054A6
:1095E000656E73696F6E3A20256C752E2530336C6D
:1095F0007520560D0A0000000D0A3D3D3D205450D7
:109600003420456A6572636963696F20323A20507D
:10961000726F647563746F722D436F6E73756D69CD
:10962000646F722028414443202B20517565756575
:10963000202B2053656D61666F726F29203D3D3D83
:109640000D0A000050726F64756365725F41444398
:1096500000000000436F6E73756D65725F55415277
:109660005400000049444C45000000000000000088
:1096700000000000010203040607080904000000BE
:10968000494E4600696E66004E414E006E616E00A6
:109690003031323334353637383961626364656668
:1096A000000000003031323334353637383941422A
:1096B0004344454600000000286E756C6C2900008C
:1096C00030000000496E66696E6974790000000020
:1096D0004E614E0042616C6C6F632073756363650D
:1096E00065646564000000002E2E2F2E2E2F2E2E76
:1096F0002F2E2E2F2E2E2F2E2E2F6E65776C696219
:109700002D342E352E302E32303234313233312F4B
:109710006E65776C69622F6C6962632F7374646C19
:1097200069622F64746F612E630000002E2E2F2E4D
:109730002E2F2E2E2F2E2E2F2E2E2F2E2E2F6E65CD
:10974000776C69622D342E352E302E323032343122
:109750003233312F6E65776C69622F6C6962632FCB
:109760007374646C69622F6D707265632E630000A0
:1097700043000000504F5349580000002E000000E5
:109780002C2066756E6374696F6E3A2000000000CD
:10979000617373657274696F6E202225732220666F
:1097A00061696C65643A2066696C652022257322C4
:1097B0002C206C696E65202564257325730A0000D2
:1097C0003030303030303030303030303030303099
:1097D0002020202020202020202020202020202089
:1097E00005000000190000007D00000000000000DE
:1097F0000080E03779C34143176E05B5B5B893468D
:10980000F5F93FE9034F384D321D30F94877825A58
:109810003CBF737FDD4F1575000000000000F03F76
:10982000000000000000244000000000000059403B
:109830000000000000408F40000000000088C3408E
:1098400000000000006AF8400000000080842E4103
:1098500000000000D01263410000000084D797414F
:109860000000000065CDCD41000000205FA0024255
:10987000000000E876483742000000A2941A6D42CA
:10988000000040E59C30A2420000901EC4BCD642BD
:1098900000003426F56B0C430080E03779C3414368
:1098A00000A0D8855734764300C84E676DC1AB43DE
:1098B000003D9160E458E143408CB5781DAF1544FC
:1098C00050EFE2D6E41A4B4492D54D06CFF08044D7
:1098D000F64AE1C7022DB544B49DD9794378EA44EC
:1098E0000020202020202020202028282828282070
:1098F0002020202020202020202020202020202068
:1099000020881010101010101010101010101010CF
:1099100010040404040404040404041010101010BF
:109920001010414141414141010101010101010189
:1099300001010101010101010101010110101010DB
:10994000101042424242424202020202020202025B
:1099500002020202020202020202020210101010AF
:1099600020000000000000000000000000000000D7
:1099700000000000000000000000000000000000E7
:1099800000000000000000000000000000000000D7
:1099900000000000000000000000000000000000C7
:1099A00000000000000000000000000000000000B7
:1099B00000000000000000000000000000000000A7
:1099C0000000000000000000000000000000000097
:1099D0000000000000000000000000000000000087
:1099E0000000000030303030303030303030303037
:1099F0003030303020202020202020202020202027
:049A000020202020E2
:089A04000C67FF7F0100000068
:109A0C0000127A00AAAAAAAA1000002000000000E6
:109A1C0000000000141C00207C1C0020E41C002012
:109A2C00000000000000000000000000000000002A
:109A3C00000000000000000000000000000000001A
:109A4C00000000000000000000000000000000000A
:109A5C0000000000000000000000000000000000FA
:109A6C0000000000000000000000000000000000EA
:109A7C0000000000000000000000000000000000DA
:109A8C0000000000000000000000000000000000CA
:109A9C0000000000000000000000000000000000BA
:109AAC0000000000000000000100000000000000A9
:109ABC000E33CDAB34126DE6ECDE05000B0000006E
:109ACC00000000000000000000000000000000008A
:109ADC00000000000000000000000000000000007A
:109AEC00000000000000000000000000000000006A
:109AFC00000000000000000000000000000000005A
:109B0C000000000000000000000000000000000049
:109B1C000000000000000000000000000000000039
:109B2C000000000000000000000000000000000029
:109B3C000000000000000000000000000000000019
:109B4C000000000000000000000000000000000009
:109B5C00FFFFFFFF000002000000000000000000FB
:109B6C0058010020580100206001002060010020F5
:109B7C0068010020680100207001002070010020A5
:109B8C007801002078010020800100208001002055
:109B9C008801002088010020900100209001002005
:109BAC009801002098010020A0010020A0010020B5
:109BBC00A8010020A8010020B0010020B001002065
:109BCC00B8010020B8010020C0010020C001002015
:109BDC00C8010020C8010020D0010020D0010020C5
:109BEC00D8010020D8010020E0010020E001002075
:109BFC00E8010020E8010020F0010020F001002025
:109C0C00F8010020F80100200002002000020020D2
:109C1C000802002008020020100200201002002080
:109C2C001802002018020020200200202002002030
:109C3C0028020020280200203002002030020020E0
:109C4C003802002038020020400200204002002090
:109C5C004802002048020020500200205002002040
:109C6C0058020020580200206002002060020020F0
:109C7C0068020020680200207002002070020020A0
:109C8C007802002078020020800200208002002050
:109C9C008802002088020020900200209002002000
:109CAC009802002098020020A0020020A0020020B0
:109CBC00A8020020A8020020B0020020B002002060
:109CCC00B8020020B8020020C0020020C002002010
:109CDC00C8020020C8020020D0020020D0020020C0
:109CEC00D8020020D8020020E0020020E002002070
:109CFC00E8020020E8020020F0020020F002002020
:109D0C00F8020020F80200200003002000030020CD
:109D1C00080300200803002010030020100300207B
:109D2C00180300201803002020030020200300202B
:109D3C0028030020280300203003002030030020DB
:109D4C00380300203803002040030020400300208B
:109D5C00480300204803002050030020500300203B
:109D6C0058030020580300206003002060030020EB
:109D7C00680300206803002070030020700300209B
:109D8C00780300207803002080030020800300204B
:109D9C0088030020880300209003002090030020FB
:109DAC009803002098030020A0030020A0030020AB
:109DBC00A8030020A8030020B0030020B00300205B
:109DCC00B8030020B8030020C0030020C00300200B
:109DDC00C8030020C8030020D0030020D0030020BB
:109DEC00D8030020D8030020E0030020E00300206B
:109DFC00E8030020E8030020F0030020F00300201B
:109E0C00F8030020F80300200004002000040020C8
:109E1C000804002008040020100400201004002076
:109E2C001804002018040020200400202004002026
:109E3C0028040020280400203004002030040020D6
:109E4C003804002038040020400400204004002086
:109E5C004804002048040020500400205004002036
:109E6C0058040020580400206004002060040020E6
:109E7C006804002068040020700400207004002096
:109E8C007804002078040020800400208004002046
:109E9C0088040020880400209004002090040020F6
:109EAC009804002098040020A0040020A0040020A6
:109EBC00A8040020A8040020B0040020B004002056
:109ECC00B8040020B8040020C0040020C004002006
:109EDC00C8040020C8040020D0040020D0040020B6
:109EEC00D8040020D8040020E0040020E004002066
:109EFC00E8040020E8040020F0040020F004002016
:109F0C00F8040020F80400200005002000050020C3
:109F1C000805002008050020100500201005002071
:109F2C001805002018050020200500202005002021
:109F3C0028050020280500203005002030050020D1
:109F4C003805002038050020400500204005002081
:109F5C004805002048050020500500205005002031
:109F6C000000000003000000141C0020430000004F
:109F7C0000000000000000000000000000000000D5
:109F8C000000000000000000000000004300000082
:109F9C0000000000000000000000000000000000B5
:109FAC000000000000000000000000004300000062
:109FBC000000000000000000000000000000000095
:109FCC000000000000000000000000004300000042
:109FDC000000000000000000000000000000000075
:109FEC000000000000000000000000004300000022
:109FFC000000000000000000000000000000000055
:10A00C000000000000000000000000004300000001
:10A01C000000000000000000000000000000000034
:10A02C0000000000000000000000000043000000E1
:10A03C000000000000000000000000000000000014
:10A04C00000000000000000000000000857F0008F8
:10A05C00097C000800000000E09800087C970008CC
:10A06C008C9700088C9700088C9700088C97000838
:10A07C008C9700088C9700088C9700088C97000828
:10A08C008C970008FFFFFFFFFFFFFFFFFFFFFFFFA5
:10A09C00FFFF00000100415343494900000000004C
:10A0AC0000000000000000000000000000000000A4
:10A0BC00000000000000415343494900000000002B
:10A0CC000000000000000000000000000000000084
:08A0DC0000000000000000007C
:0400000508000B25BF
:00000001FF
